sku,attribute_code,value
34237-Big-Bang-Se,manufacturer,Big Bang
34241-D-3-1,manufacturer,TAEYANG
34288-C-3-2,manufacturer,Cherry Bullet
34294-D-4-3,manufacturer,GWSN
34314-C-4-1,manufacturer,IU
34316-C-2-1,manufacturer,IU
34330-K-5-2,manufacturer,NU`EST
34331-K-5-3,manufacturer,NU`EST
34338-NUEST-Mini,manufacturer,NU`EST
34346-N-1-3,manufacturer,TVXQ!
34357-O4-2,manufacturer,INFINITE
34362-H-2-2,manufacturer,KARD
34368-J-2-3,manufacturer,INFINITE
34375-I-4-2,manufacturer,INFINITE
34379-I-4-2,manufacturer,INFINITE
36270-D-3-1,manufacturer,Girls' Generation
37776-N3-2,manufacturer,SUZY
38094-N-2-3,manufacturer,WINNER
38095-WINNER-Single,manufacturer,WINNER
38104-H-4-3,manufacturer,WINNER
38109-K-4-3,manufacturer,WINNER
38112-K4-3,manufacturer,WINNER
38112-K-4-3,manufacturer,WINNER
38113-N-2-2,manufacturer,WINNER
38115-I-2-2,manufacturer,WINNER
38116-I-2-2,manufacturer,WINNER
38117-I-2-2,manufacturer,WINNER
38121-I 2-2,manufacturer,WINNER
38124-F-4-5,manufacturer,WANNA ONE
38125-F-4-5,manufacturer,WANNA ONE
38134-F-3-4,manufacturer,WANNA ONE
38136-F-3-4,manufacturer,WANNA ONE
38188-K-5-2,manufacturer,SF9
38189-K-5-2,manufacturer,SF9
38240-C1-2,manufacturer,MAMAMOO
38242-C1-2,manufacturer,MAMAMOO
38246-C-3-1,manufacturer,MAMAMOO
38247-C3-1,manufacturer,MAMAMOO
38251-E-3-1,manufacturer,iKON
38253-E-3-2,manufacturer,iKON
38261-E-3-2,manufacturer,iKON
38266-H-3-2,manufacturer,iKON
38269-E-3-3,manufacturer,iKON
38270-E-3-3,manufacturer,iKON
38308-L-5-2,manufacturer,CHUNG HA
38311-L-3-1,manufacturer,CHUNG HA
38314-L-2-2,manufacturer,Cherry Bullet
38346-ASTRO-SPECIAL-A,manufacturer,ASTRO
38367-H-4-2,manufacturer,GOT7
38397-I-2-2,manufacturer,GOT7
38399-GOT7-Album,manufacturer,GOT7
38411-E-4-6,manufacturer,GOT7
38414-J-2*2,manufacturer,Jus2
38417-H-4*2,manufacturer,GOT7
38418-L1*1,manufacturer,GOT7
38425-BTOB-Mini-Alb,manufacturer,BTOB
38428-BTOB-Mini-Alb,manufacturer,BTOB
38430-BTOB-Mini-Alb,manufacturer,BTOB
38485-B-4-6,manufacturer,EXO
38513-A-4-5,manufacturer,BTS
38514-A-4-5,manufacturer,BTS
38515-A-4-2,manufacturer,BTS
38526-A-4-4,manufacturer,BTS
38544-A-4-3,manufacturer,BTS
38635-WJSN-Cosmic-G,manufacturer,WJSN
38639-WJSN-Cosmic,manufacturer,WJSN
38644-M-2-3,manufacturer,WJSN
38699-M-3-2,manufacturer,Red Velvet
38702-M-3-3,manufacturer,Red Velvet
38703-M-3-2,manufacturer,Red Velvet
38706-K-2-2,manufacturer,NCT
38707-K-2-3,manufacturer,NCT
38708-2-D4,manufacturer,NCT
38714-K-2-3,manufacturer,NCT
38720-K-2-2,manufacturer,NCT
38769-H-3-3,manufacturer,SHINEE
38792-SHINE-KEY,manufacturer,KEY
38813-Super-Junior,manufacturer,Super Junior
38823-Super-Junior-Sp,manufacturer,Super Junior
38840-K-3-2,manufacturer,Super Junior
38841-K-3-2,manufacturer,Super Junior
38844-G-5-2,manufacturer,Super Junior
38845-G-4-2,manufacturer,Super Junior
38849-I-2-1,manufacturer,Super Junior
38851-I-2-3,manufacturer,Super Junior
38857-R3-2,manufacturer,Super Junior
38858-Kyu-Hyun-Sing,manufacturer,Kyu Hyun
38862-K-4-1,manufacturer,YESUNG
38865-G-3-1,manufacturer,CHUNG HA
38868-K-4-1,manufacturer,YESUNG
38871-GFRIEND-1st-M,manufacturer,GFRIEND
38886-H-2-3,manufacturer,EUN JIWON
38887-H-2-3,manufacturer,EUN JIWON
38888-H-2-3,manufacturer,EUN JIWON
38897-L-2-1,manufacturer,EXID
38901-B-4-3,manufacturer,EXO
38949-VIXX-Mini Alb,manufacturer,VIXX
38951-M3-2,manufacturer,VIXX
38970-I-3-3,manufacturer,VIXX
38972-J-2-2,manufacturer,VIXX
38987-I-3-3,manufacturer,SF9
38989-I-3-3,manufacturer,SF9
39103-L-2*2,manufacturer,MOMOLAND
39117-L-4*2,manufacturer,F(X) LUNA
39143-K-5-3,manufacturer,DAY 6
39149-F-3*2,manufacturer,AB6IX
39150-F-3*2,manufacturer,AB6IX
39151-F-3*2,manufacturer,AB6IX
39156-I-5*1,manufacturer,DAY 6
39157-DAY6-Mini-Al,manufacturer,DAY 6
39159-I-5*1,manufacturer,DAY 6
39221-R3*3,manufacturer,EXO
39223-B-2*1,manufacturer,Kang Daniel
39226-J-4*3,manufacturer,CIX
39286-H-3*3,manufacturer,NU'EST
39287-H-3*3,manufacturer,NU'EST
39288-H-3*3,manufacturer,NU'EST
39289-H-3*3,manufacturer,NU'EST
39306-I-2*3,manufacturer,Park Ji Hoon
39513-MONSTA-X-Mini,manufacturer,MONSTA X
39521-E-4-3,manufacturer,MONSTA X
39522-E-4-2,manufacturer,MONSTA X
39533-E-4-1,manufacturer,MONSTA X
39537-MONSTA-X-2ND-A,manufacturer,MONSTA X
39537-MONSTA-X-2ND-AL,manufacturer,MONSTA X
39540-E-4-2,manufacturer,MONSTA X
39548-Apink-Mini-Al,manufacturer,Apink
39573-C-4-3,manufacturer,Apink
39590-I-3-1,manufacturer,GOT7
39593-G-5-2,manufacturer,X1
39594-G-5-2,manufacturer,X1
39715-K6-3,manufacturer,JINU
39716-K6-3,manufacturer,JINU
39765-M-2-3,manufacturer,Weki Meki
39767-M-2-3,manufacturer,Weki Meki
39769-N-2-2,manufacturer,Weki Meki
39771-Weki-Meki-Sin,manufacturer,Weki Meki
39776-C-4-2,manufacturer,EVERGLOW
39781-K-5-3,manufacturer,VIINI
39782-K-5-3,manufacturer,VIINI
39824-L-3-2,manufacturer,UP10TION
39853-DIA-Mini-Albu,manufacturer,DIA
39855-L-3-2,manufacturer,DIA
39886-Q3-1,manufacturer,Seventeen
39913-1,manufacturer,YOONA
39949-L-3-1,manufacturer,BOLBBALGAN4
40013-E-2*6,manufacturer,ATEEZ
40033-G-5*3,manufacturer,AKMU
40039-E-3*1,manufacturer,ONEUS
40046-I-4*3,manufacturer,ONF
40048-J-3*3,manufacturer,ONF
40049-K-4*2,manufacturer,ONF
40059-L-4*2,manufacturer,UNI.T
40062-K-5*3,manufacturer,Kim Jae Hwan
40067-E-4*4,manufacturer,MONSTA X
40069-E-4*4,manufacturer,MONSTA X
40089-TEEN-TOP-Albu,manufacturer,TEEN TOP
40094-J-4*2,manufacturer,TEEN TOP
40101-J-4*2,manufacturer,TEEN TOP
40123-K-3*2,manufacturer,NU'EST
40124-K-3*2,manufacturer,NU'EST
40125-K-3*2,manufacturer,NU'EST
40127-D-3*6,manufacturer,TAEYEON
40128-D-3*1,manufacturer,N.Flying
40130-I-3*2,manufacturer,N.Flying
40132-N.Flying-Mini,manufacturer,N.Flying
40133-J-3*2,manufacturer,N.Flying
40140-I-5*3,manufacturer,DAY 6
40145-N-3*1,manufacturer,GOT7
40146-N-3*1,manufacturer,GOT7
40148-VAV-Mini-Alb,manufacturer,vav
40152-H-3*3,manufacturer,WINNER
40155-I-5*3,manufacturer,DAY 6
40160-VICTON-Mini-A,manufacturer,VICTON
40171-VICTON-Mini-A,manufacturer,VICTON
40172-F-4*3,manufacturer,VICTON
40173-J1*2,manufacturer,SuperM
40185-Super-Junior,manufacturer,Super Junior
40212-O1*1,manufacturer,TVXQ!
40226-MAMAMOO-Regular,manufacturer,MAMAMOO
40228-C-2*1,manufacturer,IU
40239-L-5*2,manufacturer,NATURE
40254-O2*2,manufacturer,Golden Child
40259-H-5*3,manufacturer,WayV
40340-D-3-1,manufacturer,BOLBBALGAN4
40343-C3-2,manufacturer,BOLBBALGAN4
40349-G-4-3,manufacturer,Park Jihoon
40352-G-4-3,manufacturer,Park Jihoon
40353-G-4-3,manufacturer,Park Jihoon
40355-G-4-3,manufacturer,Park Jihoon
40382-Red-Velvet-Re,manufacturer,Red Velvet
40383-M-3-1,manufacturer,Red Velvet
40392-F-3-4,manufacturer,NU`EST
40411-N3-1,manufacturer,Jessica
40436-L-3-2,manufacturer,Lovelyz
40442-C-3-3,manufacturer,2NE1
40448-C-3-3,manufacturer,2NE1
40467-E-2*1,manufacturer,ATEEZ
40488-P-5*3,manufacturer,VERIVERY
40489-P-5*3,manufacturer,VERIVERY
40491-P-5*3,manufacturer,VERIVERY
40517-D-3*6,manufacturer,TAEYEON
40518-F-4*6,manufacturer,SF9
40519-F-4*6,manufacturer,SF9
40526-K-5*1,manufacturer,KIM DONG WAN
40527-K-5*1,manufacturer,KIM DONG WAN
40528-K-5*1,manufacturer,KIM DONG WAN
40605-C-4*2,manufacturer,GFRIEND
40608-F-3*4,manufacturer,IZ
40613-H-3*2,manufacturer,SECHSKIES
40614-H-3*2,manufacturer,SECHSKIES
40615-H-3*2,manufacturer,SECHSKIES
40617-D-4*3,manufacturer,EVERGLOW
40619-C-3*4,manufacturer,LOONA
40621-C-3*4,manufacturer,LOONA
40622-C-3*4,manufacturer,LOONA
40623-C-3*4,manufacturer,LOONA
40626-GOT7-7EDITION,manufacturer,GOT7
40631-L-6*1,manufacturer,iKON
40632-L-6*1,manufacturer,iKON
40633-L-5*2,manufacturer,ROCKET PUNCH
40639-J-3*2,manufacturer,PENTAGON
40642-J-3*3,manufacturer,PENTAGON
40643-PENTAGON-Mini,manufacturer,PENTAGON
40645-J-3*3,manufacturer,PENTAGON
40646-J-3*3,manufacturer,PENTAGON
40676-K1*1,manufacturer,NCT
40679-E-4*5,manufacturer,VICTON
40680-E-4*5,manufacturer,VICTON
40681-E-4*5,manufacturer,VICTON
40682-I-4*3,manufacturer,Ravi
40694-H-2*1,manufacturer,WayV
40698-L1*2,manufacturer,NCT
40699-H-5*2,manufacturer,Kang Daniel
40705-N6*2,manufacturer,LIM HYUN SIK
40710-L-2*2,manufacturer,ASTRO
40715-J-3*2,manufacturer,PENTAGON
40725-J-4*1,manufacturer,Ong Seong Wu
40726-J-4*1,manufacturer,Ong Seong Wu
40727-G1*2,manufacturer,ONEUS
40728-O-5*2-O-5*3,manufacturer,WINNER
40729-WINNER-Full-A,manufacturer,WINNER
40730-NCT-127-Album,manufacturer,NCT
40735-H-4*1,manufacturer,Max Chang Min
40736-K-4*3,manufacturer,TOO
40739-L-4*1,manufacturer,ELRIS
40742-C-2*2,manufacturer,ELRIS
40743-C-2*2,manufacturer,ELRIS
40749-D-2*5,manufacturer,CRAVITY
40750-D-2*5,manufacturer,CRAVITY
40751-SUHOMiniAlb,manufacturer,SUHO
40759-I-2*3,manufacturer,SHIN SEUNG HUN
40761-M-5*1-M-5*2-M-5*3,manufacturer,GOT7
40772-O-5*1,manufacturer,H&D
40773-G1*3,manufacturer,Solar
40778-M-4*1,manufacturer,NCT
40779-M-4*1,manufacturer,NCT
40780-H-4*2,manufacturer,Lim Heon Il
40781-M-2*1,manufacturer,OH MY GIRL
40782-M-2*1,manufacturer,OH MY GIRL
40789-C-2*3,manufacturer,APRIL
40790-C-2*3,manufacturer,APRIL
40791-I-4*2,manufacturer,GWSN
40792-Q1*3,manufacturer,MONSTA X
40793-Q1*3,manufacturer,MONSTA X
40794-L-3*1,manufacturer,BERRYGOOD
40799-I-5*1,manufacturer,NU'EST
40800-I-5*1,manufacturer,NU'EST
40801-R3*3,manufacturer,NU'EST
40808-M-4*3,manufacturer,DAY 6
40813-A-2*5,manufacturer,TXT
40814-A-2*5,manufacturer,TXT
40821-K-4*2,manufacturer,THE MAN BLK
40822-N1*3,manufacturer,T.O.P
40823-BVNDITMiniA,manufacturer,BVNDIT
40825-N-2*3,manufacturer,B.A.P
40826-N-2*3,manufacturer,B.A.P
40827-N-2*3,manufacturer,B.A.P
40828-N-2*3,manufacturer,B.A.P
40829-I-4*2,manufacturer,B.A.P
40830-I-4*2,manufacturer,B.A.P
40832-I-4*2,manufacturer,B.A.P
40833-N-2*3,manufacturer,B.A.P
40835-B-3*2,manufacturer,EXO
40842-L-3*2,manufacturer,BOLBBALGAN4
40846-N-4*2,manufacturer,Park Ji Hoon
40847-N-4*2,manufacturer,Park Ji Hoon
40849-KIMWOOSEOK,manufacturer,KIM WOO SEOK
40850-KIMWOOSEOK,manufacturer,KIM WOO SEOK
40852-D3*2,manufacturer,KIM WOO SEOK
40857-K-4*3,manufacturer,OnlyOneOf
40858-N-4*2,manufacturer,KEN
40859-C3*2,manufacturer,REDSQUARE
40860-D-3*2,manufacturer,OH MY GIRL
40861-MoonByul-Rep,manufacturer,Moon Byul
40863-O-3*3,manufacturer,DKB
40865-DREAMCATCHER,manufacturer,DREAMCATCHER
40867-D-3*3,manufacturer,WJSN
40868-WJSN(CosmicGi,manufacturer,WJSN
40872-J-2*3,manufacturer,Super Junior
40873-J-2*3,manufacturer,Super Junior
40876-AB6IXEPAlbu,manufacturer,AB6IX
40877-AB6IXEPAlbu,manufacturer,AB6IX
40878-AB6IXEPAlbu,manufacturer,AB6IX
40879-AB6IXEPAlbu,manufacturer,AB6IX
40880-F3*1,manufacturer,VICTON
40881-F3*1,manufacturer,VICTON
40882-F3*1,manufacturer,VICTON
40883-P-3*3,manufacturer,TAEYEON
40886-M-2*3,manufacturer,Baek Ye Rin
40889-D2*3,manufacturer,Red Velvet
40890-N-3*3,manufacturer,SEO EUNKWANG
40892-SEOEUNKWANG,manufacturer,SEO EUNKWANG
40896-CNBLUEMiniA,manufacturer,CNBLUE
40901-Q4*3,manufacturer,WayV
40904-Q4*3,manufacturer,WayV
40908-L2*1,manufacturer,N.Flying
40910-M2*2,manufacturer,DIA
40917-C-2*1,manufacturer,MOMOLAND
40919-DIAMiniAlbu,manufacturer,DIA
40925-P-2*1,manufacturer,Jinyoung
40933-L-4*1,manufacturer,Weki Meki
40934-L-4*1,manufacturer,Weki Meki
40935-L-4*1,manufacturer,Weki Meki
40936-WekiMekiMin,manufacturer,Weki Meki
40937-WekiMekiMin,manufacturer,Weki Meki
40938-WekiMekiMin,manufacturer,Weki Meki
40943-P-2*3,manufacturer,SBS Drama
40944-WhenMyLoveBl,manufacturer,When My Love Blooms
40945-NATURESingle,manufacturer,NATURE
40951-KIMSUNGKYU,manufacturer,KIM SUNG KYU
40952-R3*1,manufacturer,KIM SUNG KYU
40958-N9*3,manufacturer,Golden Child
40962-BAEKHYUNMin,manufacturer,EXO
40965-O-2*3,manufacturer,WOODZ
40969-O1*1,manufacturer,Hwa sa
40971-CIXEPAlbum,manufacturer,CIX
40972-CIXEPAlbum,manufacturer,CIX
40973-CIXEPAlbum,manufacturer,CIX
40981-N-2*2,manufacturer,pH-1
40989-D2*3,manufacturer,Red Velvet
40991-P3*2,manufacturer,LEE JIN HYUK
40992-P3*2,manufacturer,LEE JIN HYUK
40994-P-3*1-P-3*2,manufacturer,VERIVERY
40995-P-3*1-P-3*2,manufacturer,VERIVERY
40997-F4*2,manufacturer,SF9
40998-F4*2,manufacturer,SF9
41001-R1*3,manufacturer,CHUNG HA
41002-6-E1,manufacturer,BLACKPINK
41009-M2*3,manufacturer,The Koxx
41010-D-3*1,manufacturer,The Koxx
41017-J1*3,manufacturer,Jeong Se Woon
41018-J1*3,manufacturer,Jeong Se Woon
41019-O-4*2,manufacturer,BTOB
41024-[PHOTOBOOK]CRA,manufacturer,CRAVITY
41025-CRAVITY-CRAVI,manufacturer,CRAVITY
41026-E3*2,manufacturer,Sik-K
41027-M2*3,manufacturer,VINXEN
41032-F3*1,manufacturer,VICTON
41033-[PHOTOBOOK]CRA,manufacturer,CRAVITY
41034-CRAVITY-CRAVI,manufacturer,CRAVITY
41035-CRAVITY-CRAVI,manufacturer,CRAVITY
41036-O3*3,manufacturer,Jung Eun Ji
41037-M1*1,manufacturer,TOO
41040-Q1*1,manufacturer,Red Velvet
41041-WJSNCosmicGi,manufacturer,WJSN
41042-WJSNCosmicGi,manufacturer,WJSN
41043-WJSNCosmicGi,manufacturer,WJSN
41057-KangDanielM,manufacturer,Kang Daniel
41058-KangDanielM,manufacturer,Kang Daniel
41060-E1*1/72,manufacturer,ATEEZ
41063-N2*2,manufacturer,Pink fantasy
41064-N2*2,manufacturer,Pink fantasy
41065-NCT-DREAM-TOU,manufacturer,NCT
41086-R6*1-R6*2-R6*3,manufacturer,LOONA
41099-G3*1,manufacturer,KEEMBO
41102-97/A2*3,manufacturer,TREASURE
41103-A2*3,manufacturer,TREASURE
41105-IU-2019IUTo,manufacturer,IU
41109-WayV-BeyondL,manufacturer,WayV
41110-SuperM-Beyond,manufacturer,SuperM
41111-A2*1/84,manufacturer,ITZY
41112-ONF-MiniAlbu,manufacturer,ONF
41115-K4*2,manufacturer,1THE9
41118-Q2*2,manufacturer,LUCY
41120-D1*5/75,manufacturer,CRAVITY
41121-D1*5/75,manufacturer,CRAVITY
41126-Hyo-Lyn-EP-Al,manufacturer,Hyo Lyn
41127-WONHO-Mini-Al,manufacturer,WONHO
41128-WONHO-Mini-Al,manufacturer,WONHO
41131-KIM-YO-HAN-1s,manufacturer,KIM YO HAN
41135-Super-Junior-D,manufacturer,Super Junior
41138-A2*4/74,manufacturer,MCND
41139-A2*4/74,manufacturer,MCND
41142-Lovelyz-MiniVo,manufacturer,Lovelyz
41143-(LUNARSOLAR),manufacturer,LUNARSOLAR
41144-Q2*2/120,manufacturer,KARD
41153-DAY6-Mini-Alb,manufacturer,DAY6
41166-LEE-EUN-SANG,manufacturer,LEE EUN SANG
41167-LEE-EUN-SANG,manufacturer,LEE EUN SANG
41196-O2*3,manufacturer,Yoon Doo Jun
41197-O2*3,manufacturer,Yoon Doo Jun
41231-CLC-SingleAl,manufacturer,CLC
41242-KimNamJoo-S,manufacturer,Kim Nam Joo
41244-fromis-9-mini,manufacturer,fromis_9
41245-fromis-9-mini,manufacturer,fromis_9
41246-fromis-9-Mini,manufacturer,fromis_9
41251-DAY6(Even-of-D,manufacturer,DAY6
41253-97/A2*3,manufacturer,TREASURE
41256-B.O.Y-Album,manufacturer,B.O.Y
41257-B.O.Y-Album,manufacturer,B.O.Y
41259-VAV-MiniAlbu,manufacturer,vav
41263-UP10TION-Mini,manufacturer,UP10TION
41264-UP10TION-Mini,manufacturer,UP10TION
41265-ATEEZ-ATEEZ-W,manufacturer,ATEEZ
41266-SuperJunior-D,manufacturer,Super Junior
41267-[FULL-SET][3CD,manufacturer,THE BOYZ
41268-[THE-BOYZ-Min,manufacturer,THE BOYZ
41271-Cignature-EP,manufacturer,Cignature
41274-BDC-EP-Album,manufacturer,BDC
41275-BDC-EP-Album,manufacturer,BDC
41282-Wei-Mini-Alb,manufacturer,WEi
41284-Wei-Mini-Alb,manufacturer,WEi
41294-NCT-2020-RESO,manufacturer,NCT
41295-NCT-2020-RESO,manufacturer,NCT
41296-Golden-Child,manufacturer,Golden Child
41299-WJSN-Chocome,manufacturer,WJSN
41300-WJSN-Chocome,manufacturer,WJSN
41326-A-4*5,manufacturer,BTS
41328-WekiMeki-Min,manufacturer,Weki Meki
41329-WekiMeki-Min,manufacturer,Weki Meki
41330-Ailee-EPMini,manufacturer,Ailee
41331-SF9-SpecialA,manufacturer,SF9
41332-Nucksal-Album,manufacturer,Nucksal
41333-Weeekly-Mini,manufacturer,Weeekly
41335-PENTAGON-Mini,manufacturer,PENTAGON
41336-PENTAGON-Mini,manufacturer,PENTAGON
41337-PENTAGON-Mini,manufacturer,PENTAGON
41338-PENTAGON-Mini,manufacturer,PENTAGON
41341-Seventeen-Spe,manufacturer,Seventeen
41342-ONEWE-DemoAl,manufacturer,ONEWE
41380-VERIVERY-Mini,manufacturer,VERIVERY
41381-VERIVERY-Mini,manufacturer,VERIVERY
41382-VERIVERY-Mini,manufacturer,VERIVERY
41385-SongJieun-Si,manufacturer,Song Jieun
41388-[Photobook]AB6,manufacturer,AB6IX
41389-MONSTA-X-Albu,manufacturer,MONSTA X
41390-MONSTA-X-Albu,manufacturer,MONSTA X
41392-Mamamoo-Mini,manufacturer,MAMAMOO
41393-Mamamoo-Mini,manufacturer,MAMAMOO
41395-KimHyunJoong,manufacturer,Kim Hyun Joong
41398-SuperM-Album,manufacturer,SuperM
41399-BlackSwan-Al,manufacturer,Black Swan
41400-D-CRUNCH-Mini,manufacturer,D-CRUNCH
41402-P1Harmony-Min,manufacturer,P1Harmony
41403-DRIPPIN-Mini,manufacturer,DRIPPIN
41404-RecordofYouth,manufacturer,CHUNG HA
41405-SET][3CD SET]G,manufacturer,GFRIEND
41406-RandomVer]GF,manufacturer,GFRIEND
41409-ParkJiHoon,manufacturer,Park Ji Hoon
41415-WINNER-MINO,manufacturer,WINNER
41416-ParkJiHoon,manufacturer,Park Ji Hoon
41417-A-FLOW-Single,manufacturer,A-FLOW
38530-A-3-2,manufacturer,BTS
38539-A-3-5,manufacturer,BTS
38556-A-3-1,manufacturer,BTS
41421-A-FLOW-Single-Album,manufacturer,A-FLOW
41422-JBJ95-Mini-Album,manufacturer,JBJ95
41423-WINNER-MINO-2nd,manufacturer,WINNER
41446-A-Man-and-A-Woma-O-S-T-Au,manufacturer,A Man and A Woma
41447-Red-Velvet-Festival-Day-1,manufacturer,Red Velvet
41450-SECRET-NUMBER-Single-Albu,manufacturer,SECRET NUMBER
41451-Ha-Sung-Woon-Mini-Album-V,manufacturer,Ha Sung Woon
41453-Random-Ver-J-Walk-Photo-B,manufacturer,J-Walk
41455-TREASURE-Vol-3-THE-FIRST,manufacturer,TREASURE
41456-TREASURE-Vol-3-THE-FIRST,manufacturer,TREASURE
41458-Crush-with-HER,manufacturer,Crush
41459-Crush-with-HER-Limited-Ed,manufacturer,Crush
41465-CNBLUE-2021-SEASON-GREETI,manufacturer,CNBLUE
41467-ENHYPEN-Vol-1-BORDER-DAY,manufacturer,ENHYPEN
41469-Park-Ji-Ho,manufacturer,Park Ji Hoon
41476-STAYC-Star-To-A-Young-Cul,manufacturer,STAYC
41478-SUPER-JUNIOR-2021-SEASONS,manufacturer,Super Junior
41481-NCT-DREAM-2021-SEASONS-GR,manufacturer,NCT
41482-NCT-127-2021-SEASONS-GREE,manufacturer,NCT
41483-Red-Velvet-2021-SEASONS-G,manufacturer,Red Velvet
41491-ELAST-Awake-Random-Ver,manufacturer,E'LAST
41493-SET-2CD-SET-JYJ-Park-Yoo,manufacturer,JYJ
41500-Lee-Juck,manufacturer,Lee Juck
41507-BAE173-Vol-1-INTERSECTION,manufacturer,BAE173
41509-WOODZ-Vol-2-WOOPS-Kit-Alb,manufacturer,WOODZ
41510-SIGN-EVENT-FULL-SET,manufacturer,WOODZ
41521-GOT7-Vol-4-Breath-of-Love,manufacturer,GOT7
41522-Weki-Meki-2021,manufacturer,Weki Meki
41527-CHUNG-HA-2021,manufacturer,CHUNG HA
41528-CNBLUE-Standard-Ver,manufacturer,CNBLUE
41532-MOMOLAND-Ready-or-Not,manufacturer,MOMOLAND
41538-KIM-HYUN-JOONG-2021-Every,manufacturer,Kim Hyun Joong
41547-A-PINK-2021-MEMORIES,manufacturer,A PINK
41548-VICTON-Vol-1-Random,manufacturer,VICTON
41556-LEE-JIN-HYUK-2021,manufacturer,LEE JIN HYUK
41561-N-Flying-2021-BECOMING,manufacturer,N.Flying
41571-IZ-ONE-One-reeler-KiT-Alb,manufacturer,IZ*ONE
41582-SuperM-1st-Album-Concept,manufacturer,SuperM
41583-KAI-Jewel-Case-Ver-Random,manufacturer,KAI
41588-JUN-K-MINI-ALBUM-Vol-3,manufacturer,JUN. K
41589-TAEYEON-What-Do-I-Call-Yo,manufacturer,TAEYEON
41598-TAEMIN-Never-Gonna-Dance,manufacturer,TAEMIN
41604-NCT-YEARBOOK-Card-Collect,manufacturer,NCT
41605-KIM-SUNG-KYU-Vol-3-INSIDE,manufacturer,KIM SUNG KYU
41608-BLACKPINK-2021-GREETINGS,manufacturer,BLACKPINK
41611-CRAVITY-Album-SEASON3-HID,manufacturer,CRAVITY
41613-TREASURE-THE-FIRST-STEP-K,manufacturer,TREASURE
41614-TREASURE-THE-FIRST-STEP-R,manufacturer,TREASURE
41616-G-I-DLE-I-burn-Random-Ver,manufacturer,(G)I-DLE
41617-3CD-SET-G-I-DLE-I-burn-FU,manufacturer,(G)I-DLE
41618-MCND-AGE-Random-Ver,manufacturer,MCND
41625-G-I-DLE-Vol-4-I-burn-FLOW,manufacturer,(G)I-DLE
41626-G-I-DLE-Vol-4-I-burn-FIRE,manufacturer,(G)I-DLE
41627-AB6IX-3RD-EP-REPACKAGE-Al,manufacturer,AB6IX
41629-NCT-DREAM-A-DREAM,manufacturer,NCT
41634-ONEUS-Album-Vol-1-DEVIL-F,manufacturer,ONEUS
41635-ONEUS-Album-Vol-1-DEVIL-Y,manufacturer,ONEUS
41636-ONEUS-Album-Vol-1-DEVIL-B,manufacturer,ONEUS
41637-ONEUS-Album-Vol-1-DEVIL-G,manufacturer,ONEUS
41639-U-Know-Mini-Album-Vol-2-N,manufacturer,U-Know
41640-U-Know-Mini-Album-Vol-2-N,manufacturer,U-Know
41641-U-Know-Mini-Album-Vol-2-N,manufacturer,U-Know
41643-Cherry-Bullet-Mini-Album,manufacturer,Cherry Bullet
41644-Golden-Child-Mini-Album-V,manufacturer,Golden Child
41645-Apink-2020-ONLINE-STAGE-B,manufacturer,Apink
41663-SHINee-2021-SEASONS-GREET,manufacturer,SHINEE
41666-CIX-EP-Album-Vol-4-Full-V,manufacturer,CIX
41669-iKON-BOBBY-2nd-FULL-ALBUM,manufacturer,iKON
41671-BOBBY-2nd-FULL-ALBUM-LUCK,manufacturer,BOBBY
41673-CHUNG-HA-1st-Studio-Album,manufacturer,CHUNG HA
41674-INFINITE-L-Kim-Myung-Soo,manufacturer,INFINITE
41677-KIM-WOO-SEOK-Solo-Album-V,manufacturer,KIM WOO SEOK
41678-KIM-WOO-SEOK-Solo-Album-V,manufacturer,KIM WOO SEOK
41679-KIM-WOO-SEOK-Solo-Album-V,manufacturer,KIM WOO SEOK
41682-GOT7-PERFECT-GETAWAY-IN-L,manufacturer,GOT7
41683-U-Know-Mini-Album-Vol-2-N,manufacturer,U-Know
41684-U-Know-Mini-Album-Vol-2-N,manufacturer,U-Know
41687-SHINEE-Album-Vol-7-Don-t,manufacturer,SHINEE
41691-True-Beauty-O-S-T,manufacturer,SF9
41698-SHINEE-Don-t-Call-Me-Rand,manufacturer,SHINEE
41706-LUCY-Single-Album-Vol-3-I,manufacturer,LUCY
41707-J-DON-1st-Single-Album-ON,manufacturer,J.DON
41709-ONF-Album-Vol-1-ONF-MY-NA,manufacturer,ONF
41713-Lovestruck-in-the-City-O,manufacturer,Lovestruck in the City
41715-VERIVERY-2CD-SET-ROUND-1,manufacturer,VERIVERY
41716-VERIVERY-Sinle-Album-Vol,manufacturer,VERIVERY
41721-Super-Junior-D&E-Mini-Alb,manufacturer,Super Junior
41722-SUPER-JUNIOR-The-Renaissa,manufacturer,Super Junior
41723-SUPER-JUNIOR-The-Renaissa,manufacturer,Super Junior
41724-SUPER-JUNIOR-The-Renaissa,manufacturer,Super Junior
41725-SUPER-JUNIOR-The-Renaissa,manufacturer,Super Junior
41726-SUPER-JUNIOR-The-Renaissa,manufacturer,Super Junior
8810000000000,manufacturer,Super Junior
41728-WayV-Kick-Back,manufacturer,WayV
41739-BDC-EP-Album-THE-INTERSEC,manufacturer,BDC
41741-BDC-EP-Album-THE-INTERSEC,manufacturer,BDC
41744-MIRAE-Vol-1-KILLA-MIRAE-M,manufacturer,MIRAE
41753-G-reyish-Mini-Album-Vol-1,manufacturer,G-reyish
41760-Ciipher-Baby-I-Cant-Mini,manufacturer,Ciipher
41767-DRIPPIN-A-Better-Tomorrow,manufacturer,DRIPPIN
41769-MY-st-Single-Album-THE-GL,manufacturer,MY.st
41771-IU-Album-LILAC-2CD-SET,manufacturer,IU
41773-IU-Album-Vol-5-LILAC-Rand,manufacturer,IU
41783-BAEK-HYUN-Jewel-Case-Ver,manufacturer,EXO
41784-BAEK-HYUN-Jewel-Photo-Cas,manufacturer,EXO
41785-LOONA-HEEJIN-Single-Album,manufacturer,LOONA
41786-LOONA-Chuu-Single-Album,manufacturer,LOONA
41787-LOONA-Olivia-Hye-Single-A,manufacturer,LOONA
41788-Girl-ODD-EYE-CIRCLE-norma,manufacturer,LOONA
41789-Girl-ODD-EYE-CIRCLE-Repac,manufacturer,LOONA
41790-LOONA-YeoJin-Single-Album,manufacturer,LOONA
41792-Girl-of-the-Month-Luna-Ha,manufacturer,Girl of the Month
41793-LOONA-Mini-Album-beauty-t,manufacturer,LOONA
41794-LOONA-Olivia-Hye-Single-A,manufacturer,LOONA
41795-LOONA-Choerry-Single-Albu,manufacturer,LOONA
41802-WJSN-Cosmic-Girls-UNNATUR,manufacturer,WJSN
41803-WJSN-Cosmic-Girls-UNNATUR,manufacturer,WJSN
41804-WayV-Kick-Back-Kit-Ver-Ra,manufacturer,WayV
41825-ITZY-Alb,manufacturer,ITZY
41826-ITZY-Alb,manufacturer,ITZY
41827-NTX-Mini,manufacturer,NTX
41830-WINNER-KANG-SEUNG-YOON-Ra,manufacturer,WINNER
41837-Privilege-ASTRO-All-Yours,manufacturer,ASTRO
41839-Privilege-ASTRO-All-Yours,manufacturer,ASTRO
41844-DKB-Albu,manufacturer,DKB
41845-BAEK-HYUN,manufacturer,EXO
41849-LEE-JIN-HYUK-KIT-Album,manufacturer,LEE JIN HYUK
41850-LEE-JIN-HYUK-KIT-ROLL-Ver,manufacturer,LEE JIN HYUK
41851-LEE-JIN-HYUK-KIT-Random,manufacturer,LEE JIN HYUK
41853-NUEST-Romanticize-Random,manufacturer,NU'EST
41854-NUEST-Romanticize-Set-4,manufacturer,NU'EST
41855-NUEST-Romanticize-KiT-Alb,manufacturer,NU'EST
41856-WENDY-Like-Water-Case-Ver,manufacturer,WENDY
41857-WENDY-Like-Water-Photo-Bo,manufacturer,WENDY
41858-WENDY-Like-Water-Set-2,manufacturer,WENDY
41861-D-CRUNCH-DAYDREAM,manufacturer,D-CRUNCH
41862-YUKIKA-timeabout-TIME-BLU,manufacturer,YUKIKA
41863-YUKIKA-timeabout-Random-V,manufacturer,YUKIKA
41864-STAYC-STAYDOM,manufacturer,STAYC
41865-THE-BOX-OST-CHANYEOL-Rand,manufacturer,THE BOX OST
41866-KANG-DANIEL-Album-YELLOW,manufacturer,Kang Daniel
41867-LUNAR-SOLAR-Single-Album,manufacturer,LUNARSOLAR
41875-DAY6-The-Book-of-Us-Rando,manufacturer,DAY6
41876-U-MIN-Album-nineteen,manufacturer,U-MIN
41877-Whee-In-Mini-Album-Redd,manufacturer,Whee In
41647-NCT-127-2021-Back-to-School-Kit,manufacturer,NCT
[DISHARMONY : BREAK OUT,manufacturer,P1Harmony
ONF - REPACKAGE Album [CITY OF ONF] (Random Ver.),manufacturer,ONF
ONF - REPACKAGE Album [CITY OF ONF] (CITY Ver. + ONF Ver.),manufacturer,ONF
SUZY - 10TH FANCERT PHOTOBOOK [A Tempo],manufacturer,SUZY
OH MY GIRL - Album [Dear OHMYGIRL] Random,manufacturer,OH MY GIRL
8810000000000,manufacturer,YESUNG
8810000000000,manufacturer,JTBC Drama
8800000000000,manufacturer,ONEUS
8804775161988-2,manufacturer,ONEUS
8810000000000,manufacturer,TXT
WJSN-94903,manufacturer,WJSN
8810000000000,manufacturer,NCT DREAM
8810000000000,manufacturer,TAEMIN
8810000000000,manufacturer,TRI.BE
8800000000000,manufacturer,ROCKET PUNCH
8800000000000,manufacturer,MONSTA X
8804775162725-1,manufacturer,MONSTA X
8800000000000,manufacturer,GWSN
8810000000000,manufacturer,JOY
8810000000000,manufacturer,Seventeen
8800000000000,manufacturer,MAMAMOO
8800000000000,manufacturer,WOO!AH!
576,manufacturer,WOO!AH!
8810000000000,manufacturer,GHOST9
8804775163708 ribbon ver,manufacturer,BAMBAM
8804775163708*8804775163715set,manufacturer,BAMBAM
MONSTA X - Mini Album [ONE OF A KIND] (KIT Album),manufacturer,MONSTA X
N.Flying - 1st Album [Man on the Moon] - KIT Album,manufacturer,N.Flying
WEi - Mini Album Vol.3 [IDENTITY : Action] - FULL SET,manufacturer,WEi
[Promotion Event] LIGHTSUM - Single Album Vol.1 [Vanilla],manufacturer,LIGHTSUM
The Volunteers - Album [The Volunteers],manufacturer,The Volunteers
DAY6 : Young K - Photo Essay Season 2,manufacturer,DAY6
HAN SEUNG WOO - 2nd Mini Album [Fade] (Random Ver),manufacturer,HAN SEUNG WOO
HAN SEUNG WOO - 2nd Mini Album [Fade] (Full Set),manufacturer,HAN SEUNG WOO
[Promotion Event] OMEGA X - 1st Mini Album [VAMOS] (O Ver.),manufacturer,OMEGA X
Brave Girls - Mini Album Vol.5 [Summer Queen] (FULL S,manufacturer,Brave Girls
Brave Girls - Mini Album Vol.5 [Summer Queen] (FULL SET),manufacturer,Brave Girls
Brave Girls - Mini Album Vol.5 [Summer Queen] (Random Ver),manufacturer,Brave Girls
A.C.E - Mini Album Vol.5 [SIREN : DAWN] (Random Ver.,manufacturer,A.C.E
A.C.E - Mini Album Vol.5 [SIREN : DAWN] (FULL SET.),manufacturer,A.C.E
[Promotion Event] YUGYEOM - EP Album [Point Of View: U],manufacturer,YUGYEOM
WayV - WayV Photobook [Our Home : WayV with Little Friends],manufacturer,WayV
ONF - VP (Virtual Play) Album,manufacturer,ONF
Yang Hong Won [Ovoe],manufacturer,Yang Hong Won
LUCY - Album Vol.4 [Gatcha!],manufacturer,LUCY
BDC - 3RD EP ELEMENT Ver,manufacturer,BDC
BDC - 3RD EP ELEMENT Ver-1,manufacturer,BDC
BDC - 3RD EP FULL Ver-1-1,manufacturer,BDC
SHINee - Beyond LIVE BROCHURE,manufacturer,SHINEE
BDC - 3RD EP (JEWEL CASE Ver.),manufacturer,BDC
38273-E-3-3-(RED Ver.),manufacturer,iKON
38273-E-3-3-(BLUE Ver.),manufacturer,iKON
RabidAnce - [PRISM],manufacturer,RabidAnce
Dark Hole O.S.T - OCN Drama,manufacturer,Dark Hole
DAY6 - Right Through Me,manufacturer,DAY6
DRIPPIN - Free Pass SET,manufacturer,DRIPPIN
DRIPPIN - Free Pass A Ver,manufacturer,DRIPPIN
DRIPPIN - Free Pass B Ver.,manufacturer,DRIPPIN
Woodie SWOOP!,manufacturer,Woodie Gochild
Khundi Panda MODM,manufacturer,Khundi Panda
SF9 TURN OVER Random Ver,manufacturer,SF9
SF9 TURN OVER FULL SET,manufacturer,SF9
ITZY CODENAME PACKAGE,manufacturer,ITZY
EXO LP Ver,manufacturer,EXO
NCT DREAM - Kit Ver,manufacturer,NCT
BAEKHYUN-4984-cxghj,manufacturer,EXO
8810000000000,manufacturer,D.O.
D-o-5635,manufacturer,D.O.
D-o-56324,manufacturer,D.O.
wste4MCATCHER34twe,manufacturer,DREAMCATCHER
DREeagyh423h,manufacturer,DREAMCATCHER
DREeagyh42235,manufacturer,DREAMCATCHER
DREAMCATCHER-eagyFDH43,manufacturer,DREAMCATCHER
DREeagyFD543,manufacturer,DREAMCATCHER
ATEEZ_aeg234-1,manufacturer,ATEEZ
ATEEZ_aeg2AF,manufacturer,ATEEZ
ONF-G3Y8NUSET,manufacturer,ONF
ONF-24h43vevreb,manufacturer,ONF
TREASURE-9qugf732df,manufacturer,TREASURE
AKMU-dwad2f3c2c,manufacturer,AKMU
AKMU-dwadf32h4bw,manufacturer,AKMU
Imitation-fgy9c3c,manufacturer,Imitation
Golden-Child-3T4WREHT,manufacturer,Golden Child
Golden-Child-6423trgfc,manufacturer,Golden Child
CIX-78r6u5rtheg,manufacturer,CIX
CIX-967ITUYRTHDFG,manufacturer,CIX
JIHYO-576ijy7rf,manufacturer,JIHYO
JIHYO-54RYH,manufacturer,JIHYO
The-Volunteers-6Y87RFIHH,manufacturer,The Volunteers
Ha-Sung-Woon-5ryw4hbw54ey,manufacturer,Ha Sung Woon
Ha-Sung-Woon-326TTEWSGT,manufacturer,Ha Sung Woon
JIHYO-54RTYHWE,manufacturer,JIHYO
MONSTA-X-3QO2JG,manufacturer,MONSTA X
JAY-R5T675JR6J,manufacturer,JAY B
Park-Jihoon-64hwn4wawegedagsw,manufacturer,Park Jihoon
Red-Velvet-r6je4s5jrsjfjg,manufacturer,Red Velvet
CRAVITY-5e4ah54h5e4,manufacturer,CRAVITY
CRAVITY-F438HYG8934,manufacturer,CRAVITY
TXT-5EHA46J,manufacturer,TXT
TXT-75EHEA,manufacturer,TXT
T1419-04yhw4yh43eh,manufacturer,T1419
N.Flying-5e4hju5e43je4,manufacturer,N.Flying
MIRAE-GGHEWH43525,manufacturer,MIRAE
MIRAE-HG342G42G,manufacturer,MIRAE
ITZY-53qh4h54qh,manufacturer,ITZY
MCND-2324REHJWRH,manufacturer,MCND
MCND-4234DASGADG,manufacturer,MCND
STAYC-r4eh54ye5y3,manufacturer,STAYC
Lee-Eun-Sang-6r4js4r,manufacturer,LEE EUN SANG
Lee-Eun-SanGEAG,manufacturer,LEE EUN SANG
OMEGA-X-DGSSH34H53HR,manufacturer,OMEGA X
OMEGA-X-DGSSHGEWAG,manufacturer,OMEGA X
NCT-GAG32435,manufacturer,NCT
ADOY-RTJETJER5J,manufacturer,ADOY
Baek-RGDSG32435,manufacturer,Baek A Yeon
ATEEZ-SDGWERTYUJGH,manufacturer,ATEEZ
ATEEZ-REYHWRH,manufacturer,ATEEZ
Heo-young-Saeng-EAGADGSGS,manufacturer,Heo Young Saeng
LISA-GASDGDSG3245,manufacturer,LALISA
LISA-HGFDGFASFASF,manufacturer,LALISA
Photobook-DGFERT654TIK,manufacturer,SF9
MARK-ASD234REWRFT,manufacturer,NCT
JENO-9H4EU8,manufacturer,NCT
Mamamoo-FSD45Y3EE,manufacturer,MAMAMOO
KEY-SGEBFXCW,manufacturer,KEY
KEY-SG64q6yrfhs,manufacturer,KEY
Highlight-g0iwjeg04jg,manufacturer,Highlight
Highlight-g0iwjeg04FG,manufacturer,Highlight
AB6IX-AFD3AFGSR,manufacturer,AB6IX
AB6IX-T4EHTJRYKTU,manufacturer,AB6IX
C-EFSFBF754,manufacturer,CL
C-6FY8,manufacturer,CL
NCT127-SUR6J4RY534Y,manufacturer,NCT
HOT-ISSUE-WDSCBF563,manufacturer,HOT ISSUE
KEY-98GB8FDI6D,manufacturer,KEY
KEY-Q4WGR4WYU,manufacturer,KEY
LOUD-FGH54YGRCZ,manufacturer,LOUD
aespa-J6RJRG,manufacturer,aespa
ENHYPEN-FAWW3F,manufacturer,ENHYPEN
Hospital-SJPOFWJ,manufacturer,Hospital Playlist
WOODZ-FAWZCS,manufacturer,WOODZ
WOODZ-SET-FSDE,manufacturer,WOODZ
Youngjae-sdfeaSF,manufacturer,Youngjae
Youngjae-EAFet3,manufacturer,Youngjae
Golden Child-GESWG,manufacturer,Golden Child
Golden-0SAEFE344,manufacturer,Golden Child
SEVENTEEN-AFSEFAXZC,manufacturer,Seventeen
SEVENTEWRJHW5JW,manufacturer,Seventeen
SEVENTEEN-EGA3G,manufacturer,Seventeen
LIGHTSUM-d3fqFQ,manufacturer,LIGHTSUM
LIGHTSUM-ASF3QG,manufacturer,LIGHTSUM
N.Flying-DTHDRH,manufacturer,N.Flying
TRI.BE-HTEDFHN,manufacturer,TRI.BE
TRI.BE-H58yti,manufacturer,TRI.BE
Coldplay-JR6RJQ3,manufacturer,Coldplay
BTS - Album [Butter]-Cream Ver.,manufacturer,BTS
BTS - Album [Butter]-Peaches Ver.,manufacturer,BTS
ENHYPEN-FAF3F4,manufacturer,ENHYPEN
LEE-JIN-HYUK-WD3FAGE,manufacturer,LEE JIN HYUK
LEE-JIN-HYUK-EASTRS3,manufacturer,LEE JIN HYUK
LEE-JIN-HYUK-FWASFA3F,manufacturer,LEE JIN HYUK
2AM-3FAWF3AW,manufacturer,02:00
Just-B-3FAFSAVD,manufacturer,Just B
Just-B-3F567dctc,manufacturer,Just B
Just-B-3754YHT,manufacturer,Just B
Black-Swan-GE3GG,manufacturer,Black Swan
SJ-756RYTBG,manufacturer,Super Junior
SJ-532YHGEH,manufacturer,Super Junior
SJ-7RDHEHWS,manufacturer,Super Junior
SJ-7876GIUHE,manufacturer,Super Junior
NCT78127-FWAFEA,manufacturer,NCT
Ailee-GWRG,manufacturer,Ailee
Park-Ji-Hoon-ARG4F68,manufacturer,Park Ji Hoon
Park-Ji-Hoon-745TH,manufacturer,Park Ji Hoon
SECRET-NUMBER-3qyegqa,manufacturer,SECRET NUMBER
SECRET-NUMBER-33AGA,manufacturer,SECRET NUMBER
THE3QYAHEHAJH,manufacturer,THE BOYZ
THE3QAEWGAWAF,manufacturer,THE BOYZ
DreamNote-EADG,manufacturer,DreamNote
bugAboo-ESHRSFH,manufacturer,bugAboo
TO1-EAFE3YWG,manufacturer,TO1
This-Month‚Äôs-Girl-TEAYGYU4,manufacturer,LOONA
This-Month‚Äôs-Girl-4WYHJU53EJ,manufacturer,LOONA
SEVENTEEN-SEGRSGRSG3424,manufacturer,Seventeen
Billlie-EG5RWYK7,manufacturer,Billlie
RV-3QTYU54RGT,manufacturer,Red Velvet
aespa-RH4WU547,manufacturer,aespa
NCT-DREA-ETYDGSCV3,manufacturer,NCT
GIRLS-FWA643WYF,manufacturer,Girls' Generation
SUPER-JUNIOR-t3yqay34qy,manufacturer,Super Junior
WayV-awt3qtyq3yq3,manufacturer,WayV
SF9-Y4HHRFF,manufacturer,SF9
SF9-T3AQHSDH,manufacturer,SF9
SF9-TsgagyT34EY,manufacturer,SF9
MONSTA-FYT35WSTG,manufacturer,MONSTA X
MONSTA-4TY6DJFGJ,manufacturer,MONSTA X
KAI-DHJYET664,manufacturer,KAI
KAI-DEAFETYHR,manufacturer,KAI
MONSTA-X-EFAGEA574Y5T,manufacturer,MONSTA X
MONSTA-X-EEAG3QGH4H,manufacturer,MONSTA X
ONF-WHEOFAH,manufacturer,ONF
ONF-EAGE3T43QW,manufacturer,ONF
EVERGLOW-GRS6RJLH,manufacturer,EVERGLOW
EVERGLOW-YT4WQUY,manufacturer,EVERGLOW
T-ARA-QT3W4Y32YHW,manufacturer,T-ARA
Ha-Sung-Woon-WAFSAF3,manufacturer,Ha Sung Woon
Ciipher-FSA35T,manufacturer,Ciipher
ASTRO-EG4364236,manufacturer,ASTRO
Universe-09637,manufacturer,NCT
Dreams-4720,manufacturer,DREAMCATCHER
STUDIO-8804,manufacturer,ONEWE
CELESTIAL-514713,manufacturer,DREAMCATCHER
UPTOWN-77515,manufacturer,Mirani
MINO-50533,manufacturer,MINO
MINO-8750533,manufacturer,MINO
WISHLIST-74618,manufacturer,Apink
NOON-958624,manufacturer,Highlight
MIDNIGHT-958631,manufacturer,Highlight
CALENDAR-23281,manufacturer,MONSTA X
DAILY-423298,manufacturer,MONSTA X
DAILY-DESK-88097,manufacturer,MONSTA X
IMPACT-3755,manufacturer,Kep1er
IMPACT-88097,manufacturer,Kep1er
BLUE-50330,manufacturer,LUCY
P1Harmony-58594,manufacturer,P1Harmony
EPILOGUE-423120,manufacturer,ATEEZ
EPILOGUE-88097,manufacturer,ATEEZ
FTISLAND-G4ET5U86,manufacturer,FTISLAND
PHOTOBOOK-TGFE36,manufacturer,LALISA
JIRISAN-09897,manufacturer,JIRISAN
UP10TION-202359,manufacturer,UP10TION
UP10TION-03581,manufacturer,UP10TION
WJSNCHOCOME-50415,manufacturer,WJSN
WJOCOME-88047,manufacturer,WJSN
453E4YHU7,manufacturer,SuperM
DISHARMONY-50354,manufacturer,P1Harmony
DISHARMONY-880477,manufacturer,P1Harmony
BOBBIN-6066,manufacturer,BLITZERS
Instinct-4097,manufacturer,OnlyOneOf
Instinct-88097,manufacturer,OnlyOneOf
Planet-250446,manufacturer,ONEWE
Kim-Yo-an-Illusion-250392,manufacturer,KIM YO HAN
Kim-Yo-an-Ill88047752,manufacturer,KIM YO HAN
H1-KEY-202342,manufacturer,KEY
VICTON-Chronograph-250569,manufacturer,VICTON
VICTON-Single-8804775,manufacturer,VICTON
AB6IX-977577,manufacturer,AB6IX
AB6IX-880935,manufacturer,AB6IX
Restore-250439,manufacturer,JINJIN&ROCKY
Restore-8804773,manufacturer,JINJIN&ROCKY
Marvelous-5250545,manufacturer,MIRAE
Marvelous-88047752,manufacturer,MIRAE
PENON-IN-5250538,manufacturer,PENTAGON
PENO7-IN-880477,manufacturer,PENTAGON
Bam-250460,manufacturer,BAMBAM
Bam-250-804775,manufacturer,BAMBAM
KYUHYUN-509989,manufacturer,KYUHYUN
KYUHYUN-8809755,manufacturer,KYUHYUN
CHAPTER-ON-8751561,manufacturer,TREASURE
TREASURE-DIGIPACK-8751SO JUNG HWAN,manufacturer,TREASURE
TREASURE-DIGIPACK-8751554-PARK JEONG WOO,manufacturer,TREASURE
TREASURE-DIGIPACK-8751554-HARUTO,manufacturer,TREASURE
TREASURE-DIGIPACK-8751554-DOYOUNG,manufacturer,TREASURE
TREASURE-DIGIPACK-8751554-BANG YE DAM,manufacturer,TREASURE
TREASURE-DIGIPACK-8751554-ASAHI,manufacturer,TREASURE
TREASURE-DIGIPACK-8751554-YOON JAE HYUK,manufacturer,TREASURE
TREASURE-DIGIPACK-8751554-MASHIHO,manufacturer,TREASURE
TREASURE-DIGIPACK-8751554-JUNKYU,manufacturer,TREASURE
TREASURE-DIGIPACK-8751554-YOSHI,manufacturer,TREASURE
TREASURE-DIGIPACK-8751554-JIHOON,manufacturer,TREASURE
TREASURE-DIGIPACK-8751554-CHOI HYUN SUK,manufacturer,TREASURE
TREASURE-DIGIPACK-8751554,manufacturer,TREASURE
Self-250606,manufacturer,LUMINOUS
IDOL-977522,manufacturer,IDOL
38939-D-4324,manufacturer,GFRIEND
AECHANNCT-996991,manufacturer,NCT
YUTA-996946,manufacturer,NCT
MARK-996984,manufacturer,NCT
JUNGWOO-9996977,manufacturer,NCT
JAEHYUN-9996960,manufacturer,NCT
DOYOUNG-89996953,manufacturer,NCT
JOHNNY-996922,manufacturer,NCT
TAEYONG-9996939,manufacturer,NCT
TAEIL-89996915,manufacturer,NCT
ENVY-755508012,manufacturer,TAEYEON
BTOB-Be-Together-250750,manufacturer,BTOB
BTOB-Be-Together-880477,manufacturer,BTOB
TEMPES-24196,manufacturer,TEMPEST
Rolling-005892,manufacturer,Rolling Quartz
Billlie-5250873,manufacturer,Billlie
JAURIM-6006257,manufacturer,JAURIM
MIXX-5508081,manufacturer,NMIXX
CASE-5250705,manufacturer,STAYC
Cherry-Wish-1274631,manufacturer,Cherry Bullet
BLACK-91274631,manufacturer,BLACK LEVEL
AWAKE-250941,manufacturer,Weeekly
AWAKE-880477,manufacturer,Weeekly
VOYAG-5250996,manufacturer,Kihyun
VOYAG-880477,manufacturer,Kihyun
KimSeok-1202410,manufacturer,KIM WOO SEOK
Kim-eok-1202403,manufacturer,KIM WOO SEOK
Kim-eok-880358,manufacturer,KIM WOO SEOK
Kim-eok-880358-8803581,manufacturer,KIM WOO SEOK
BakGeun-6006516,manufacturer,Bak Chang Geun
GI-DLE-250422,manufacturer,(G)I-DLE
GI-DLE-8804775,manufacturer,(G)I-DLE
Weeekly-5250972,manufacturer,Weeekly
Solar-250958,manufacturer,Solar
Solar-250958-8804775,manufacturer,Solar
NUEST-754050,manufacturer,NU'EST
WEi-250767,manufacturer,WEi
WEi-8804775,manufacturer,WEi
Highlight-5251023,manufacturer,Highlight
Highlight-8804775,manufacturer,Highlight
Highlight-4775251,manufacturer,Highlight
Highlight-775251-8804775,manufacturer,Highlight
ParkSooJin-1274655,manufacturer,Park Soo Jin
LeeSeokHoon-5251078,manufacturer,Lee Seok Hoon
SUHO-5508197,manufacturer,SUHO
MONSTAX-5251283,manufacturer,MONSTA X
MONSTAX-8804775,manufacturer,MONSTA X
MONSTAX-477525-775251,manufacturer,MONSTA X
BusinessProposal-5251313,manufacturer,SBS Drama
TEU-DAY-8754265,manufacturer,TREASURE
RealLove-1202380,manufacturer,OH MY GIRL
WHOLE-5251191,manufacturer,VERIVERY
WHOLE-8804775,manufacturer,VERIVERY
WHOLE-5251382,manufacturer,VERIVERY
SHAPEofLOVE-251269,manufacturer,MONSTA X
minisode-753978,manufacturer,TXT
minisode-8809848,manufacturer,TXT
ICHILLIN-5251436,manufacturer,ICHILLIN'
iKON-8755033,manufacturer,iKON
CLASSy-251573-1,manufacturer,CLASS
CODE-8804775,manufacturer,Ciipher
CODE-5251504,manufacturer,Ciipher
JOKER-5251603,manufacturer,ONEUS
TRICKSTER-5251610,manufacturer,ONEUS
TRICKSTER-8804775,manufacturer,ONEUS
SUHO-251610,manufacturer,SUHO
SUHO-8804775,manufacturer,SUHO
FELLOWSHIP-5124005,manufacturer,ATEEZ
KANGDANIEL-1202496,manufacturer,Kang Daniel
KANGDANIEL-1202472,manufacturer,Kang Daniel
KANGDANIEL-8803581,manufacturer,Kang Daniel
LoveAffair-5977843,manufacturer,EP
Beatbox-5508890,manufacturer,NCT
Chaos-5251771,manufacturer,VICTON
Chaos-8804775,manufacturer,VICTON
SORY-5251580,manufacturer,Lee Soo Young
BVNDIT-4424400,manufacturer,BVNDIT
IntoLight-5251306,manufacturer,LIGHTSUM
OurBlues-4424417,manufacturer,Our Blues
LuckyCharms-5251870,manufacturer,Moon Sujin
SF9Nerd-8959768,manufacturer,SF9
SF9Sensual-8809368,manufacturer,SF9
Tomorrow-5251894,manufacturer,Tomorrow
SECRETNUMBER-8310177,manufacturer,SECRET NUMBER
FACADE-5251757,manufacturer,WONHO
FACADE-8804775,manufacturer,WONHO
Girls-5508944,manufacturer,aespa
Girls-8809755,manufacturer,aespa
Girls-5508920,manufacturer,aespa
STORY-8449059,manufacturer,OMEGA X
STORY-8809868,manufacturer,OMEGA X
SEOINGUK-5977928,manufacturer,SEO IN GUK
FACADE-5251764,manufacturer,WONHO
REBORN-4514959,manufacturer,PIXY
REBORN-8809314,manufacturer,PIXY
DOUBLAST-4424516,manufacturer,Kep1er
DOUBLAST-8809704,manufacturer,Kep1er
FlipThat-5977935,manufacturer,LOONA
Re-5251962,manufacturer,KARD
Sequence-5251948,manufacturer,WJSN
Sequence-4775251,manufacturer,WJSN
DOUBLAST-4424523,manufacturer,Kep1er
DOUBLAST-7044245,manufacturer,Kep1er
H1KEY-1202519,manufacturer,KEY
ENGENE-424431,manufacturer,ENHYPEN
ENGENE-8809704,manufacturer,ENHYPEN
DAY1-4424424,manufacturer,ENHYPEN
DAY1-8809704,manufacturer,ENHYPEN
Undo-4424561,manufacturer,Heize
IRRIS-4514997,manufacturer,IRRIS
UHQCD-4424509,manufacturer,Busker Busker
WINNER-8754982,manufacturer,WINNER
WINNER-8809848,manufacturer,WINNER
THEEARTH-1202557,manufacturer,MCND
SummerVibe-5252105,manufacturer,VIVIZ
SummerVibe-7752521,manufacturer,VIVIZ
Copycat-5252174,manufacturer,Apink
Copycat-8804775,manufacturer,Apink
HOLIDAY-754999,manufacturer,WINNER
HOLIDAY-8809848,manufacturer,WINNER
Copycat-5252228,manufacturer,Apink
WENEEDLOVE-5252198,manufacturer,STAYC
WENEEDLOVE-8804775,manufacturer,STAYC
Billlie-5252211,manufacturer,Billlie
THEWAVEOF9-5251658,manufacturer,SF9
THEWAVEOF9-8804776,manufacturer,SF9
QueSeraSera-4424608,manufacturer,ILY:1
iCE-6007711,manufacturer,HYOLYN
HyunA-5252297,manufacturer,HyunA
DREAMCATCHER-4515048,manufacturer,DREAMCATCHER
GrownAssKid-8757839,manufacturer,ZICO
LEVIOSA-8800067,manufacturer,TRI.BE
BEAWARE-5252419,manufacturer,THE BOYZ
BEAWARE-8804775,manufacturer,THE BOYZ
AURA-5252433,manufacturer,Golden Child
ODYSSEY-5252549,manufacturer,BAE173
OKNot-4424806,manufacturer,CIX
OKNot-9704424,manufacturer,CIX
WeAreTheNight-5064214,manufacturer,We Are The Night
Storage-1202588,manufacturer,ONF
OtherSide-5978024,manufacturer,Mark Tuan
Pianoman-5252464,manufacturer,LEO
Gasoline-5507275,manufacturer,KEY
SHININGUP-4424905,manufacturer,TEMPEST
SHININGUP-8809704,manufacturer,TEMPEST
undergrOundidOl-4424899,manufacturer,OnlyOneOf
STAYINCHICAGO-701651,manufacturer,STAYC
TREASURE-759727,manufacturer,TREASURE
CRAZY-1274808,manufacturer,Dustin
BornGene-252686,manufacturer,KIM JAE JOONG
BornGene-252693,manufacturer,KIM JAE JOONG
BornGene-FULLSET,manufacturer,KIM JAE JOONG
WJSN-LightStick-Ver2,manufacturer,WJSN
ATEEZUMMER-5124180,manufacturer,ATEEZ
BeYourself-978130,manufacturer,JAY B
BeYourself-SET-978130,manufacturer,JAY B
CHPTRTW-8758119,manufacturer,TREASURE
CHPTRTW-8758119-SET,manufacturer,TREASURE
flower-252655,manufacturer,CHOI YOOJUNG
weki-meki-2655,manufacturer,CHOI YOOJUNG
CHOI-YOOJUNG -252655,manufacturer,CHOI YOOJUNG
JAMIE-78208,manufacturer,JAMIE
BrandN-507343,manufacturer,XIUMIN
KINGDOMpart-8161,manufacturer,KINGDOM
offline-880153,manufacturer,CRAVITY
NEW-WAVE-2195,manufacturer,CRAVITY
DIGIPACK-981374-SO JUNG HWAN,manufacturer,TREASURE
DIGIPACK-981374-HARUTO,manufacturer,TREASURE
DIGIPACK-981374-DOYOUNG,manufacturer,TREASURE
DIGIPACK-981374-ASAHI,manufacturer,TREASURE
DIGIPACK-981374-YOON JAE HYUK,manufacturer,TREASURE
DIGIPACK-981374-YOSHI,manufacturer,TREASURE
DIGIPACK-981374-JIHOON,manufacturer,TREASURE
DIGIPACK-981374-CHOI HYUN SUK,manufacturer,TREASURE
EXIsin-730183,manufacturer,EXID
MONSTA-165835,manufacturer,MONSTA X
DVDmonsta-63917,manufacturer,MONSTA X
AGENTRED-840363,manufacturer,MONSTA X
mimii-493054,manufacturer,mimiirose
Reasons-658605,manufacturer,Red Velvet
LOVE-893657,manufacturer,(G)I-DLE
Ourturn-127643-DropVer,manufacturer,MIRAE
Ourturn-127643-DripVER,manufacturer,MIRAE
Ourturn-127643,manufacturer,MIRAE
TAKE-98346,manufacturer,AB6IX
ADORA-97469,manufacturer,ADORA
Lapillus-3098465,manufacturer,Lapillus
Todays-9875349,manufacturer,SBS Drama
[Vide-675845,manufacturer,CRAVITY
AB6IX-89632,manufacturer,AB6IX
LEE-67853,manufacturer,LEE CHAE YEON
Lee-Chae-68428,manufacturer,LEE CHAE YEON
Le-Chae-Yeon-879526,manufacturer,LEE CHAE YEON
CHASEEP-515147,manufacturer,DKZ
Jackson-182639-ver2,manufacturer,Jackson Wang
Jackson-182639-ver1,manufacturer,Jackson Wang
Jackson-182639-man-ver,manufacturer,Jackson Wang
Jackson-182639,manufacturer,Jackson Wang
WONHO-2318907,manufacturer,WONHO
NEMO-64823,manufacturer,NCT
NEMO-SMC-683210,manufacturer,NCT
TROUBLESHOOTER-76324,manufacturer,Kep1er
Kep1er-23680,manufacturer,Kep1er
Lethality-82345,manufacturer,KWON EUN BI
Lethality-3281432,manufacturer,KWON EUN BI
MAMAMOO-89230,manufacturer,MAMAMOO
MAMAMOO-63284,manufacturer,MAMAMOO
Ourturn-127643-Set-1,manufacturer,MIRAE
PARKJIHOON-698034,manufacturer,Park Jihoon
PARKJIHOON-676898,manufacturer,Park Jihoon
Kihyun-6923,manufacturer,MONSTA X
Kihyun-08932,manufacturer,MONSTA X
TAN-87934,manufacturer,TAN
BAEKHO-86132,manufacturer,BAEKHO
WEI-7623,manufacturer,WEi
WEi-789320,manufacturer,WEi
Rie-8624,manufacturer,OnlyOneOf
tripleS-86231,manufacturer,tripleS
tripleS-62038,manufacturer,tripleS
Xdinary-63248,manufacturer,Xdinary Heroes
Jeong-63247,manufacturer,Jeong Eun Ji
ROCKY-23896,manufacturer,ASTRO
Love-62839,manufacturer,B.I
Loved-3246,manufacturer,B.I
Highlight-6384,manufacturer,Highlight
Highlight-68923,manufacturer,Highlight
VERIVERY-21389,manufacturer,VERIVERY
VERIVERY-68902,manufacturer,VERIVERY
TRENDZ-7252,manufacturer,TRENDZ
BIG-68321,manufacturer,BIG MOUTH
VICTON-980236,manufacturer,VICTON
VICTON-06938,manufacturer,VICTON
VICTON-72453,manufacturer,VICTON
ITZY-89632,manufacturer,ITZY
KANG-89325,manufacturer,Kang Daniel
KANG-4567,manufacturer,Kang Daniel
Prosecutor-467,manufacturer,Bad Prosecutor
SECRET-346,manufacturer,SECRET NUMBER
SHINee-4537,manufacturer,SHINEE
SEVENTEEN-2462,manufacturer,Seventeen
Niel-456325,manufacturer,Niel
woo!ah-730894,manufacturer,woo!ah!
TO1-68934,manufacturer,TO1
TO1-86324,manufacturer,TO1
P1Harmony-97343,manufacturer,P1Harmony
P1Harmony-90734,manufacturer,P1Harmony
undergrOund-7923,manufacturer,OnlyOneOf
SEVENTEEN--96823,manufacturer,Seventeen
Flying-85390,manufacturer,N.Flying
Apink-78934,manufacturer,Apink
Candy-79432,manufacturer,NCT
MINHO-86032,manufacturer,MINHO
ReVe-89734,manufacturer,Red Velvet
TREASURE-94533,manufacturer,TREASURE
BAEKHO-5873,manufacturer,BAEKHO
SF9-6890,manufacturer,SF9
ReVe-89734-1,manufacturer,Red Velvet
MOON-789345,manufacturer,ASTRO
MOON-8709346,manufacturer,ASTRO
Blossom-43786,manufacturer,KEY
Blossom-69834,manufacturer,KEY
SHINee-79534,manufacturer,SHINEE
NCT-53213,manufacturer,NCT
MINHO-04322,manufacturer,MINHO
NewJeans-9340332,manufacturer,NewJeans
ATEEZ-97886,manufacturer,ATEEZ
SAN-08344,manufacturer,ASTRO
MONSTA-X-54,manufacturer,MONSTA X
Forestella-4443,manufacturer,Forestella
SUPER-JUNIOR-787,manufacturer,Super Junior
YENA-78584,manufacturer,YENA
YENA-5789,manufacturer,YENA
NCT-57923,manufacturer,NCT
NCT-56479874,manufacturer,NCT
YENA-9863,manufacturer,YENA
JINYOUNG-68943,manufacturer,GOT7
JINYOUNG-6893,manufacturer,GOT7
VIVIZ-86433,manufacturer,VIVIZ
VIVIZ-85034,manufacturer,VIVIZ
JAY-7932,manufacturer,JAY B
Sung-Si-Kyung-4567,manufacturer,Sung Si Kyung
YESUNG-970432,manufacturer,YESUNG
YESUNG-7982,manufacturer,YESUNG
tripleS-8692,manufacturer,tripleS
tripleS-9822,manufacturer,tripleS
TOMORROW-7665,manufacturer,TXT
JUNHO-8923,manufacturer,JUNHO
JUNHO-9232,manufacturer,JUNHO
TRI-6783,manufacturer,TRI.BE
TRI-8923,manufacturer,TRI.BE
Key-78953,manufacturer,KEY
STAYC-68926,manufacturer,STAYC
BOYZ-987432,manufacturer,THE BOYZ
LIMELIGHT-79802,manufacturer,LIMELIGHT
LIMELIGHT-9075,manufacturer,LIMELIGHT
BOYZ-952834,manufacturer,THE BOYZ
ENHYPEN-79432,manufacturer,ENHYPEN
BOYZ-6834,manufacturer,THE BOYZ
STAYC-79053,manufacturer,STAYC
NMIXX-98702,manufacturer,NMIXX
NMIXX-68235,manufacturer,NMIXX
NMIXX-8236590,manufacturer,NMIXX
KAI-89754,manufacturer,KAI
ONEW-97024,manufacturer,ONEW
CRAVITY-7903,manufacturer,CRAVITY
CRAVITY-97523,manufacturer,CRAVITY
Cherry-98642,manufacturer,Cherry Bullet
Cherry-9682,manufacturer,Cherry Bullet
KINGDOM-8962,manufacturer,KINGDOM
KINGDOM-86924,manufacturer,KINGDOM
TREASURE-8925,manufacturer,TREASURE
JISOO-89425,manufacturer,JISOO
JISOO-8643,manufacturer,JISOO
TRENDZ-8925,manufacturer,TRENDZ
Apink-7348,manufacturer,Apink
CSR-86934,manufacturer,CSR
SUJEONG-79043,manufacturer,RYU SUJEONG
xikers-8643,manufacturer,xikers
xikers-8962,manufacturer,xikers
Apink-8347,manufacturer,Apink
DOJAEJUNG-3489,manufacturer,NCT
SSERAFIM-7982,manufacturer,LE SSERAFIM
Agust-97352,manufacturer,D-DAY
EPEX-7894,manufacturer,EPEX
EPEX-86733,manufacturer,EPEX
Heroes-3525433,manufacturer,Xdinary Heroes
DOJAEJUNG-794832,manufacturer,NCT
CMDM-7843,manufacturer,CMDM
ONEUS-6732,manufacturer,ONEUS
ONEUS-93487,manufacturer,ONEUS
DLE-789253,manufacturer,(G)I-DLE
Butterfly-7893523,manufacturer,(G)I-DLE
feel-79384,manufacturer,(G)I-DLE
xikers-7865,manufacturer,xikers
ATEEZ-32980,manufacturer,ATEEZ
ATEEZ-75832,manufacturer,ATEEZ
Unintentional-6832,manufacturer,Unintentional Love Story
YOUNITE-7924,manufacturer,YOUNITE
YOUNITE-890342,manufacturer,YOUNITE
iKON-5209,manufacturer,iKON
iKON-7932,manufacturer,iKON
JOOHONEY-97823,manufacturer,JOOHONEY
JOOHONEY-87932,manufacturer,JOOHONEY
ATBO-7235,manufacturer,ATBO
CIX-9348,manufacturer,CIX
CIX-9527,manufacturer,CIX
BLACKSWAN-87943,manufacturer,BLACKSWAN
TAEYONG-0482,manufacturer,TAEYONG
TAEYONG-58903,manufacturer,TAEYONG
TAEYONG-0958,manufacturer,TAEYONG
ATEEZ-8975,manufacturer,ATEEZ
ATEEZ-793250,manufacturer,ATEEZ
BOYNEXTDOOR-97032,manufacturer,BOYNEXTDOOR
OVERDRIV-87923,manufacturer,I.M
OVERDRIVE-98043,manufacturer,I.M
OVERDRIVE-97825,manufacturer,I.M
DREAMCATCHER-9873,manufacturer,DREAMCATCHER
P1Harmony-97302,manufacturer,P1Harmony
P1Harmony-83972,manufacturer,P1Harmony
P1Harmony-97023,manufacturer,P1Harmony
fromis-9,manufacturer,fromis_9
Good-9374,manufacturer,JTBC Drama
SHINee-98734,manufacturer,SHINEE
SHINee-97034,manufacturer,SHINEE
SHINee-89430,manufacturer,SHINEE
JISOO-80954,manufacturer,JISOO
SUNG-608493,manufacturer,KIM SUNG KYU
SUNG-98036,manufacturer,KIM SUNG KYU
SUNG-9043,manufacturer,KIM SUNG KYU
Milli-89203,manufacturer,Kid Milli
WEi-980,manufacturer,WEi
NCT-9805,manufacturer,NCT
NCT-9058,manufacturer,NCT
NMIXX-98035,manufacturer,NMIXX
NMIXX-0985,manufacturer,NMIXX
ITZY-8590,manufacturer,ITZY
ITZY-890534,manufacturer,ITZY
ITZY-4308,manufacturer,ITZY
ITZY-38490,manufacturer,ITZY
SHOWNU-7864,manufacturer,SHOWNU X HYUNGWON
SHOWNU-794203,manufacturer,SHOWNU X HYUNGWON
SHOWNU-980W,manufacturer,SHOWNU X HYUNGWON
TREASURE-890364,manufacturer,TREASURE
TREASURE-80534,manufacturer,TREASURE
Mini-5854,manufacturer,ICHILLIN'
TREASURE-5908,manufacturer,TREASURE
FLARE-5890,manufacturer,(G)I-DLE
Member-83904,manufacturer,(G)I-DLE
xikers-8905,manufacturer,xikers
xikers-4936,manufacturer,xikers
CIRCLE-43980,manufacturer,ODD EYE CIRCLE
INFINITE-4890,manufacturer,INFINITE
MAMAMOO-4390,manufacturer,MAMAMOO
MAMAMOO-890634,manufacturer,MAMAMOO
INFINITE-4930-,manufacturer,INFINITE
JIHYO-65453,manufacturer,JIHYO
JIHYO-8593,manufacturer,JIHYO
Wind-7895,manufacturer,The Wind
wind0986,manufacturer,The Wind
See6786,manufacturer,See You in My
ATEEZ-0935,manufacturer,ATEEZ
YERIN-57329,manufacturer,YERIN
JEON-97423,manufacturer,JEON SOMI
STAYC-9304,manufacturer,STAYC
JIHYO-49803,manufacturer,JIHYO
ARTBEAT-3408,manufacturer,ARTBEAT
DREAMCATCHER-34087843,manufacturer,DREAMCATCHER
PLAVE-804354,manufacturer,PLAVE
EVERGLOW-095372,manufacturer,EVERGLOW
EVERGLOW-0835,manufacturer,EVERGLOW
KIHYUN-798324,manufacturer,Kihyun
Woojin-08354,manufacturer,Kim Woojin
Woojin-8043-,manufacturer,Kim Woojin
BOYNEXTDOOR-0948,manufacturer,BOYNEXTDOOR
TIOT-89743,manufacturer,TIOT
CRAVITY-98032,manufacturer,CRAVITY
Sejeong-325789,manufacturer,Kim Sejeong
FANTASY-789543,manufacturer,FANTASY BOYS
FANTASY-547893,manufacturer,FANTASY BOYS
BOYS-74589,manufacturer,FANTASY BOYS
Kep1er-74893,manufacturer,Kep1er
Kep1er-87439,manufacturer,Kep1er
Kep1er-370642,manufacturer,Kep1er
IVE-348795,manufacturer,IVE
ONEUS-657894,manufacturer,ONEUS
ONEUS-679834,manufacturer,ONEUS
ONEUS-478539,manufacturer,ONEUS
EL7Z-349873,manufacturer,EL7Z UP
EL7Z-229467,manufacturer,EL7Z UP
NCT-958437,manufacturer,NCT
EPEX-43890,manufacturer,EPEX
EPEX-93457,manufacturer,EPEX
TOZ-54789,manufacturer,TOZ
TOZ-5478,manufacturer,TOZ
YESUNG-48937,manufacturer,YESUNG
YESUNG-489375,manufacturer,YESUNG
YESUNG-367175,manufacturer,YESUNG
Kep1er-784395,manufacturer,Kep1er
Kep1er-43789,manufacturer,Kep1er
SEVENTEEN-749111,manufacturer,Seventeen
LIGHTSUM-5879348,manufacturer,LIGHTSUM
LIGHTSUM-4564,manufacturer,LIGHTSUM
CHUU-6598y,manufacturer,CHUU
Woo-65784,manufacturer,Jang Woo Hyuk
GOLDEN-47589,manufacturer,Jung Kook
POW-57894,manufacturer,POW
POW-75849,manufacturer,POW
Destined-47895,manufacturer,JTBC Drama
ZEROBASEONE-545425,manufacturer,ZEROBASEONE
Lucia-45897,manufacturer,Lucia
Loved-895454343,manufacturer,B.I
TAEMIN-98345,manufacturer,TAEMIN
TAEMIN-78495,manufacturer,TAEMIN
TAEMIN-45879,manufacturer,TAEMIN
TAEMIN-78394,manufacturer,TAEMIN
VIVIZ-437895,manufacturer,VIVIZ
VIVIZ-5487989543,manufacturer,VIVIZ
aespa-4598,manufacturer,aespa
aespa-340963,manufacturer,aespa
aespa-4578911,manufacturer,aespa
aespa-43908,manufacturer,aespa
Jong-548793,manufacturer,Moon Jong Up
WHIB-69850,manufacturer,WHIB
WHIB-59843,manufacturer,WHIB
ENHYPEN-54789,manufacturer,ENHYPEN
ENHYPEN-75849,manufacturer,ENHYPEN
ENHYPEN-333975,manufacturer,ENHYPEN
WayV-4540044,manufacturer,WayV
Red-5908854,manufacturer,Red Velvet
Velvet-8495,manufacturer,Red Velvet
Velvet-9939939931,manufacturer,Red Velvet
Velvet-45987,manufacturer,Red Velvet
Red-000001345,manufacturer,Red Velvet
LIFE-45948,manufacturer,KISS OF LIFE
OMEGA-94083,manufacturer,OMEGA X
OMEGA-49073,manufacturer,OMEGA X
TVXQ-48379,manufacturer,TVXQ!
JUNIOR-390,manufacturer,Super Junior
Velvet-43987,manufacturer,Red Velvet
NCT-389064,manufacturer,NCT
WayV-67398,manufacturer,WayV
ATEEZ-69734,manufacturer,ATEEZ
ATEEZ-39027076,manufacturer,ATEEZ
ATEEZ-3749602,manufacturer,ATEEZ
Yeon-4309,manufacturer,LEE CHAE YEON
MIRAE-609834,manufacturer,MIRAE
SSERAFIM-774396,manufacturer,LE SSERAFIM
Mixtape-374869,manufacturer,I‚Äôll
Medlar-3498,manufacturer,I‚Äôll
DREADREAMCATCHER-97340,manufacturer,DREAMCATCHER
DREAMCATCHER-376904,manufacturer,DREAMCATCHER
ROS√â-70932,manufacturer,ROSÉ
HeeJin-896743,manufacturer,HeeJin
HeeJin-7908343,manufacturer,HeeJin
TAEYEON-70893222,manufacturer,TAEYEON
ONE-94837,manufacturer,ONE PACT
PACT-90334,manufacturer,ONE PACT
ITZY-43096,manufacturer,ITZY
GOLDEN-20937,manufacturer,Golden Child
REN-7489,manufacturer,REN
FANTASY-79034,manufacturer,FANTASY BOYS
BOYS-74983,manufacturer,FANTASY BOYS
BAEKHO-790834,manufacturer,BAEKHO
HWANG-56842,manufacturer,HWANG MIN HYUN
SSERAFIM-69541,manufacturer,LE SSERAFIM
VIVIZ-9834,manufacturer,VIVIZ
xikers-87934,manufacturer,xikers
Dept-789432,manufacturer,Dept
AARON-732958,manufacturer,AARON
Generatio-7893434,manufacturer,Girls' Generation
ITZY-92377jf,manufacturer,ITZY
ITZY-229039,manufacturer,ITZY
BORN-79832758,manufacturer,ITZY
ITZY-1292967,manufacturer,ITZY
TVXQ-7892376,manufacturer,TVXQ!
NMIXX-67835,manufacturer,NMIXX
NMIXX-74967623,manufacturer,NMIXX
BOL4-7893272,manufacturer,BOL4
Fort√©na-63782,manufacturer,KINGDOM
Fort√©na-783296,manufacturer,KINGDOM
Fort√©na-78938632,manufacturer,KINGDOM
NMIXX-768235,manufacturer,NMIXX
BOYZ-78797867623hj,manufacturer,THE BOYZ
Jong-678325,manufacturer,Kim Jong Hyeon
JUST-7489897lhw,manufacturer,Just B
YongYong-8904326fd,manufacturer,YongYong
8TURN-78439892tu,manufacturer,8TURN
8TURN-9827683828tut,manufacturer,8TURN
HUI-90342gd,manufacturer,HUI
YENA-8972739ya,manufacturer,YENA
YENA-89723897lhsn,manufacturer,YENA
TWS-79w79t,manufacturer,TWS
TWS-982377978tws,manufacturer,TWS
AB6IX-7277927723,manufacturer,AB6IX
AB6IX-7982973727jhas,manufacturer,AB6IX
Dabin-798322,manufacturer,Dabin
EVNNE-98734,manufacturer,EVNNE
EVNNE-98734-45,manufacturer,EVNNE
EVNNE-6754884-h6,manufacturer,EVNNE
DLE-8938972DLE,manufacturer,(G)I-DLE
DLE-8972278GDLE,manufacturer,(G)I-DLE
SEVENTEEN-6678SEV,manufacturer,Seventeen
TEN-6628565ten,manufacturer,TEN
Moon-238765moy,manufacturer,Moon Byul
Byul-67823buli,manufacturer,Moon Byul
Moon-67823byul1,manufacturer,Moon Byul
IU-67823IUUI,manufacturer,IU
Winning-8737682IU,manufacturer,IU
Winning-67826823AQ1WIN,manufacturer,IU
YUGYEOM-8793578YUEG,manufacturer,YUGYEOM
YUGYEOM-7826YUGEOM,manufacturer,YUGYEOM
Wind-6768132wind,manufacturer,The Wind
DEAR-87325dear,manufacturer,The Wind
YouthTee-6732667,manufacturer,The Wind
EVERSHINE-86723EVER,manufacturer,CRAVITY
Cha-8972366CH,manufacturer,Cha Eunwoo
ENTITY-78268,manufacturer,Cha Eunwoo
xikers-37487xir,manufacturer,xikers
HIKER-2893hik,manufacturer,xikers
Keyring-6735key,manufacturer,KEY
Killin-7843687kinnd,manufacturer,P1Harmony
PRELUDE-67837,manufacturer,j-hope
HOPE-347896864hpmes,manufacturer,j-hope
STREET-7638443st,manufacturer,j-hope
NOMAD-43987nom,manufacturer,NOMAD
WENDY-6782we,manufacturer,WENDY
minisode-6782525,manufacturer,TXT
TXT-782367ILtxth,manufacturer,TXT
PHANTASY-98437PHA,manufacturer,THE BOYZ
Letter-8796347IY,manufacturer,THE BOYZ
UNIS-89034UN,manufacturer,UNIS
START-987643G,manufacturer,UNIS
06DE-8974FJH,manufacturer,Super Junior
LUCAS-7894YUHK,manufacturer,LUCAS
Renegade-789463UJJH,manufacturer,LUCAS
Digipack-8794325JUHGDA,manufacturer,LUCAS
ILLIT-67834hekg,manufacturer,ILLIT
Loossemble-6843los,manufacturer,Loossemble
Loossemble-89674loolf,manufacturer,Loossemble
Shop-86754shop,manufacturer,Candy Shop
QWER-839746qa,manufacturer,QWER
MANITO-2389nabbv,manufacturer,QWER
Beautiful-5675gf,manufacturer,DRIPPIN
SWITCH-867325sw,manufacturer,IVE
DOYOUN-6168251don,manufacturer,DOYOUNG
82MAJOR-8973257kjf,manufacturer,82MAJOR
BEAT-975382beat,manufacturer,82MAJOR
HERE-98732hers,manufacturer,Seventeen
ZEROBASEONE-879352jkd,manufacturer,ZEROBASEONE
Hyunjun-39257kjds,manufacturer,Hyunjun
ZEROBASEONE-7893MEATHELLO,manufacturer,ZEROBASEONE
START-28793SATRWK,manufacturer,TIOT
Kick-7832KICKS,manufacturer,TIOT
Vargr-47839uioy,manufacturer,ENHYPEN
YOUTH-476983kisdh,manufacturer,WHIB
KICK-98732lgdjas,manufacturer,WHIB
SOOJIN-7893KDT,manufacturer,SOOJIN
RIZZ-53897UIYET,manufacturer,SOOJIN
Jewel-89723UYISD,manufacturer,SOOJIN
SUHO-932875suho,manufacturer,SUHO
SUHO-92837i,manufacturer,SUHO
SUHO-79832IOYDTape,manufacturer,SUHO
tripleS-8932kjdsh,manufacturer,tripleS
ASSEMBLE24-98327tl,manufacturer,tripleS
Give-67832KJDS,manufacturer,WayV
Me-75893YIKD,manufacturer,WayV
PARADOXX-78923JKHDS,manufacturer,ONE PACT
PARADOXX-78932KJSH,manufacturer,ONE PACT
Expectation-32980,manufacturer,KINO
STAYC-8934df,manufacturer,STAYC
Metamorphic-73892i,manufacturer,STAYC
Cosmi-4879lka,manufacturer,Red Velvet
Cosmi-897634shjkh,manufacturer,Red Velvet
Red-98476kjas,manufacturer,Red Velvet
SWAY-47398d,manufacturer,(G)I-DLE
SWAY-4949493,manufacturer,(G)I-DLE
SWAY-494949,manufacturer,(G)I-DLE
Podcast-4646g,manufacturer,NCT
Figure-404040,manufacturer,STAYC
tripleS-4994983,manufacturer,tripleS
BLACKSWAN-3838jt,manufacturer,BLACKSWAN
38412-L1-1-YOU&ME-Ver,manufacturer,GOT7
38524-A-4-6-Ver-W,manufacturer,BTS
38524-A-4-6-Ver-N,manufacturer,BTS
38530-A-3-2-L-Ver,manufacturer,BTS
38530-A-3-2-O-Ver,manufacturer,BTS
38539-A-3-5-Y-Ver,manufacturer,BTS
38539-A-3-5-R-Ver,manufacturer,BTS
41717-GHOST9-Album-PRE-EPISODE,manufacturer,GHOST9
41720-GHOST9-Album-NOW-Where-we,manufacturer,GHOST9
41511-WOODZ-SIGN-EVENT-Mini-Album-Love-Ver,manufacturer,WOODZ
41647-NCT-127-2021-Back-to-School-Kit-TAEYONG,manufacturer,NCT
41649-WayV-2021-Back-to-School-Kit-HENDERY,manufacturer,WayV
ASH ISLAND - ISLAND,manufacturer,ASH ISLAND
JYPn - BLIND PACKAGE (Limited Edition),manufacturer,JYPn
Park-Jihoon-64hwn4wnwq4e,manufacturer,Park Jihoon
AKMU-DFHDTJETJ4R7-56,manufacturer,AKMU
SMCU-SMTOWN042y-GIRL,manufacturer,Girls' Generation
SMCU-SMTOWN042y-NCT-1,manufacturer,NCT
SMCU-SMTOWN042y-1,manufacturer,Super Junior
SMCU-SMTOWN042y-Red-Velvet,manufacturer,Red Velvet
MoonByul-5251368,manufacturer,Moon Byul
BOL4-6007087,manufacturer,BOL4
RYEOWOOK-5508685,manufacturer,RYEOWOOK
RYEOWOOK-8809755,manufacturer,RYEOWOOK
Band-77666764,manufacturer,DAY6
Aid-999445,manufacturer,DAY6
Album-337776D,manufacturer,CHANYEOL
Dept-88663D,manufacturer,Dept
TRAVEL-333888445,manufacturer,RIIZE
41292-TXT(TOMORROW-X,manufacturer,TXT
TOMORROWrandom,manufacturer,TXT
ASTRO-5yerhdf235tw4er,manufacturer,ASTRO
ASTRO-sgerh5u4,manufacturer,ASTRO
KINGDOM-AFWXBDF,manufacturer,KINGDOM
KINGDOM-T4GEW,manufacturer,KINGDOM
tv-erswhh,manufacturer,Sun Drama
ONEUS-3Q4YHZQAE,manufacturer,ONEUS
ZERO-89WHYF,manufacturer,SUPER JUNIOR
fromis_9-8750984,manufacturer,fromis_9
fromis_9-880984,manufacturer,fromis_9
HORN-880477,manufacturer,Apink
HORN-5250781,manufacturer,Apink
TEMPEST-4424189,manufacturer,TEMPEST
NCT-Random-5508159,manufacturer,NCT
DKZ-4514881,manufacturer,DKZ
DKZ-8809314,manufacturer,DKZ
TwentyFive-8754708,manufacturer,tvN Drama
LESSERAFIM-8755163,manufacturer,LE SSERAFIM
LESSERAFIM-8809848,manufacturer,LE SSERAFIM
FEARLESS-8755200,manufacturer,LE SSERAFIM
ONEWE-5251689,manufacturer,ONEWE
CARAT-8755309,manufacturer,SEVENTEEN
FACADE-5251740,manufacturer,WONHO
FACADE-7752517,manufacturer,WONHO
Girls-5508937,manufacturer,aespa
SECTOR17-8756733,manufacturer,SEVENTEEN
SECTOR17-8809848,manufacturer,SEVENTEEN
Helloworld-5507138,manufacturer,Xdinary Heroes
MOVEMENT-4424370,manufacturer,ATEEZ
MOVEMENT-8809704,manufacturer,ATEEZ
ZEROIN-5252136,manufacturer,P1Harmony
SMARTPHONE-4424707,manufacturer,YENA
NewJeans-8757853,manufacturer,NewJeans
CHAPTER TWO-758140,manufacturer,TREASURE
NMIXX-749037,manufacturer,NMIXX
DREAMCATCHER-680423,manufacturer,DREAMCATCHER
DKZ-68923,manufacturer,DKZ
ASTRO-67328,manufacturer,ASTRO
WAYV-78943,manufacturer,WAYV
Moon-97436,manufacturer,Moon Byul
Moon-86324,manufacturer,Moon Byul
NewJeans-79342,manufacturer,NewJeans
TOMORROW-97046,manufacturer,TXT
TOMORROW-84394,manufacturer,TXT
SF9-57893,manufacturer,SF9
SF9-7834,manufacturer,SF9
SEVENTEEN-97034,manufacturer,SEVENTEEN
BIGBANG-89532,manufacturer,BIGBANG
BEAUTY-698493,manufacturer,STRAY KIDS
Key-9072,manufacturer,Key
8TURN-90273,manufacturer,8TURN
8TURN-89053,manufacturer,8TURN
GOT-9y43,manufacturer,GOT the beat
MAMAMOO-78439,manufacturer,MAMAMOO
Kep1er-648930,manufacturer,Kep1er
Kep1er-96844,manufacturer,Kep1er
DOJAEJUNG-98743,manufacturer,NCT
PARK-8943,manufacturer,PARK JIHOON
JIHOON-78394,manufacturer,PARK JIHOON
SEVENTEEN-79332,manufacturer,SEVENTEEN
SEVENTEEN-95872,manufacturer,SEVENTEEN
Agust-8934,manufacturer,Agust D
Agust-86953,manufacturer,Agust D
WOODZ-98765,manufacturer,WOODZ
WOODZ-76544,manufacturer,WOODZ
SEVENTEEN-67352,manufacturer,SEVENTEEN
DOJAEJUNG-89763,manufacturer,NCT
DOJAEJUNG-897865,manufacturer,NCT
BTOB-87349,manufacturer,BTOB
BTOB-9354,manufacturer,BTOB
ONEUS-2975,manufacturer,ONEUS
aespa-29538,manufacturer,aespa
aespa-534822,manufacturer,aespa
aespa-9863,manufacturer,aespa
ENHYPEN-75463,manufacturer,ENHYPEN
xikers-78524,manufacturer,xikers
FOR-87934,manufacturer,B.I
BOYNEXTDOOR-987923,manufacturer,BOYNEXTDOOR
BOYNEXTDOOR-98043,manufacturer,BOYNEXTDOOR
DREAMCATCHER-78923,manufacturer,DREAMCATCHER
DREAMCATCHER-98372,manufacturer,DREAMCATCHER
TAEYONG-8925,manufacturer,TAEYONG
TAEYONG-5279,manufacturer,TAEYONG
fromis_9-90432,manufacturer,fromis_9
fromis-9-97235,manufacturer,fromis_9
TNx-9823,manufacturer,THE NEW SIX
TNX-98442,manufacturer,THE NEW SIX
VAV-9320,manufacturer,VAV
ITZY-09843,manufacturer,ITZY
KANG-3490,manufacturer,KANG DANIEL
KANG-89034,manufacturer,KANG DANIEL
HAN-9704,manufacturer,HAN SEUNG WOO
HAN-80639,manufacturer,HAN SEUNG WOO
Lapillus-30498-,manufacturer,Lapillus
WEi-756,manufacturer,WEi
WEi-09843,manufacturer,WEi
THE-BOYZ-97834,manufacturer,THE BOYZ
NewJeans-9845358,manufacturer,NewJeans
XODIAC-40983,manufacturer,XODIAC
KNOW-84690,manufacturer,U-KNOW
KNOW-48390,manufacturer,U-KNOW
hope-5089,manufacturer,j-hope
SOMI-463,manufacturer,JEON SOMI
SOMI-92378,manufacturer,JEON SOMI
JEON-93275,manufacturer,JEON SOMI
NINE-49083,manufacturer,NINE.i
ITZY-90842,manufacturer,ITZY
KEY-84903,manufacturer,Key
H1-437896,manufacturer,Key
BOYNEXTDOOR-83290,manufacturer,BOYNEXTDOOR
NCT-43089,manufacturer,NCT
NCT-89403,manufacturer,NCT
CRAVITY-8932,manufacturer,CRAVITY
CRAVITY-39802,manufacturer,CRAVITY
Young-387920,manufacturer,Young K
Key-325879,manufacturer,Key
Key-783902,manufacturer,Key
Key-89372,manufacturer,Key
PURPLE-528379,manufacturer,PURPLE KISS
Loossemble-783290,manufacturer,Loossemble
BOYNEXTDOOR-39834,manufacturer,BOYNEXTDOOR
TOMORROW-473895,manufacturer,TXT
TOMORROW-783495,manufacturer,TXT
TOMORROW-79527389,manufacturer,TXT
TOGETHER-75894,manufacturer,TXT
Album-89574,manufacturer,D.O.
Mini-74895,manufacturer,D.O.
TEMPEST-3459870,manufacturer,TEMPEST
YONG-459387,manufacturer,JUNG YONG HWA
HWA-94085,manufacturer,JUNG YONG HWA
DAWN-843759,manufacturer,DAWN
EL7Z-463789,manufacturer,EL7Z UP
EL7Z-54378,manufacturer,EL7Z UP
NCT-340983,manufacturer,NCT
NCT-899846,manufacturer,NCT
Connection-78945,manufacturer,Nerd Connection
SEVENTEEN-49098,manufacturer,SEVENTEEN
SEVENTEEN-87612,manufacturer,SEVENTEEN
Xdinary-879453,manufacturer,Xdinary Heroes
Xdinary-584796,manufacturer,Xdinary Heroes
82MAJOR-85763,manufacturer,82MAJOR
JINI-785694,manufacturer,JINI
JINI-87954,manufacturer,JINI
NiziU-48376,manufacturer,NiziU
NiziU-87594,manufacturer,NiziU
Jung-58749,manufacturer,Jung Kook
Kook-84679,manufacturer,Jung Kook
Chang-45879,manufacturer,Jay Chang
Chang-8795433,manufacturer,Jay Chang
Love-678945,manufacturer,B.I
TAEMIN-534897,manufacturer,TAEMIN
WHIB-48936,manufacturer,WHIB
WayV-54879,manufacturer,WAYV
WayV-96857,manufacturer,WAYV
Velvet-110101012,manufacturer,Red Velvet
Gummy-34978,manufacturer,Do Han Se
JOYURI-34908,manufacturer,JOYURI
DREAMCATCHER-907343,manufacturer,DREAMCATCHER
AMPERS-47930,manufacturer,AMPERS&ONE
BOYZ-7902303,manufacturer,THE BOYZ
TAEYEON-769834,manufacturer,TAEYEON
ENHYPEN-29738,manufacturer,ENHYPEN
ROCKY-37094,manufacturer,ROCKY
ROCKY-094702,manufacturer,ROCKY
ROCKY-2309222,manufacturer,ROCKY
ROCKY-0987531,manufacturer,ROCKY
PERMISSION-84309,manufacturer,BTS
There-789326,manufacturer,NCT
OnlyOneOf-87665282,manufacturer,OnlyOneOf
OnlyOneOf-293877846K,manufacturer,OnlyOneOf
B1A4-789203,manufacturer,B1A4
B1A4-7203976714,manufacturer,B1A4
TWS-789237769TWSTYH,manufacturer,TWS
P1Harmony-43573p1,manufacturer,P1Harmony
P1Harmony-978623662378p1hy,manufacturer,P1Harmony
SSERAFIM-973501,manufacturer,LE SSERAFIM
SSERAFIM-le872,manufacturer,LE SSERAFIM
TOGETHER-78239TO,manufacturer,TXT
Winning-987626IU,manufacturer,IU
TAEYONG857854,manufacturer,TAEYONG
TAEYONG-768943jhgfry,manufacturer,TAEYONG
WISH--678532678whist,manufacturer,NCT
Hell-67823heel,manufacturer,WENDY
ICHILLIN-367849ice,manufacturer,ICHILLIN'
SEVENUS-67824prejkdh,manufacturer,SEVENUS
SPRING-8764387hjgh,manufacturer,SEVENUS
BABYMONSTER-897364BABAY,manufacturer,BABYMONSTER
TOGETHER-789463tojhg,manufacturer,TXT
Weverse-78643idskhj,manufacturer,TXT
NCT-76823567nctnct,manufacturer,NCT
DAY6-890364day2,manufacturer,DAY6
Foureve-78946798JKDYH,manufacturer,DAY6
Beat-89340yug,manufacturer,I.M
Off-87934987off,manufacturer,I.M
Sticker-436879hgjsa,manufacturer,BOYNEXTDOOR
YUQI-98273YO,manufacturer,(G)I-DLE
GENERAL-879352,manufacturer,(G)I-DLE
ViV-892357VIV,manufacturer,ViV
DOYOUNG-78932hjkdsg,manufacturer,DOYOUNG
Howling-34879how,manufacturer,&TEAM
NOW-439876hkd,manufacturer,&TEAM
Standard-2397lksa,manufacturer,&TEAM
MARS-987352MARS,manufacturer,D.O.
Digipak-428196hf,manufacturer,ATEEZ
ARTMS-57839oiusaaei,manufacturer,ARTMS
Dall-98723IOUY,manufacturer,ARTMS
Queen-82653UDH,manufacturer,Queen of Tears
Zine-489DSYZINEG,manufacturer,aespa
EVERGLOW-329875DS,manufacturer,EVERGLOW
ZOMBIE-38902LDF,manufacturer,EVERGLOW
SWAY-490fsds,manufacturer,(G)I-DLE
ENYPEN-575757,manufacturer,ENHYPEN
ROMANCE-484848,manufacturer,ENHYPEN
VirtuouS-393939,manufacturer,DREAMCATCHER
VirtuouS-1010202,manufacturer,DREAMCATCHER
VirtuouS-30300498,manufacturer,DREAMCATCHER
JAEHYUN-393993955,manufacturer,JAEHYUN
BAEKHYUN-30000336,manufacturer,EXO
BAEKHYUN-000009999,manufacturer,EXO
Hyuk-888333,manufacturer,Oh Jong Hyuk
Kim-86342,manufacturer,Kim Jong Hyeon
